follower_id,followee_id
50886015,17715048
198039057,16590621
183883562,166302956
71810847,51241574
22700291,61343888
90827527,45775946
207544312,134436909
103191254,111539157
45446985,14372486
157914121,18713552
130064774,117184057
114215887,169915974
22090204,209759935
84231781,187140926
80605065,17542265
167927318,35660372
19004351,70704329
96707237,27602245
114215887,33456767
41266468,208278459
105719794,14669951
115045264,25718220
25734393,1652541
127185773,14613342
90827527,14138785
36226144,56998292
137876983,15754281
80605065,22985183
39054966,14803639
21289619,14456434
155923543,211975974
137876983,10835172
78942172,59040007
214822782,137455850
34730227,130694257
180326081,211727581
22799524,21983184
18914363,159214949
13715572,103191254
192449555,25542270
14456434,20745573
14110996,105574959
32347902,163145226
54257746,37525085
85254026,118457538
30142034,195494230
32614638,15611971
203058745,95848771
60828595,186580886
15152296,53595060
197001614,200764881
49263209,190178302
87021540,159187322
111931632,197147148
2557521,47758416
18425728,118343805
32347902,50640705
23034702,21275774
59096272,116296866
204437035,14864368
130694257,18291699
183779621,157157146
74258121,22799524
83722627,53033847
206526338,14138785
17626165,211596830
93753178,183779621
119900549,24903229
88417176,181043996
30142034,180250996
26625439,18914363
72202689,43552063
103191254,16965437
202739522,180326081
58888841,16615594
32814009,118457538
119900549,196873111
23034702,22799524
16983506,160522796
15704208,41181597
37525085,105719794
18713552,113415132
90827527,16488095
145896166,213622865
75762311,17060573
119900549,100799912
134328376,109854452
153392925,14511951
104638041,28785486
34730227,71810847
36064883,198965123
52279525,19651092
39090412,7486282
50440593,119900549
63122679,79962217
44362599,127047893
103060329,51081214
83172060,32513408
17702620,118280371
169021183,2334361
126472424,166825197
118280371,68520890
80373417,125750669
22799524,133991537
30362119,800594
196918332,89414621
206998334,103464708
198965123,113415132
2883841,83172060
106305404,53595060
120030004,98197360
130918083,190360715
170343168,215922210
83676464,169021183
206998334,131900496
14812346,39582260
100874499,186580886
16983506,108097751
87021540,19302176
51259010,30142034
209341052,84231781
22726788,18914363
62811246,101472930
183875985,43916631
128651444,111429335
49018161,26281924
209759935,206472486
105549512,4391831
97730588,90827527
207544312,150565564
24595339,9466892
22619937,18425728
47758416,115760304
117159333,105719794
132946370,15773072
18653651,19114712
89996706,38469445
164036769,15982861
28335019,180250996
42208602,170343168
170427873,75070810
83722627,48401114
132946370,29542368
190178302,27096965
67245969,49398382
32148675,19136776
108740292,21452804
16192310,39054966
46006593,187140926
164658421,20118774
41266468,114974578
126327405,32272710
22575170,51241574
32632288,150565564
84231781,170576105
213623879,29262732
206998334,16340092
48390635,156626372
36064883,137429628
111429335,18914363
183875985,106093103
15754281,130151697
142177625,9466892
202739522,22619937
52618906,63122679
142177625,84478248
215922210,67245969
183280830,44449415
83722627,67245969
101472930,84622495
209694671,99571421
16192310,50640705
137715592,93465510
198961085,157914121
75762311,49292083
11283752,26686282
38469445,14511951
177181222,68520890
18781842,44848337
37525085,23034702
4391831,14372486
80647113,209341052
58193531,193753695
4391831,130694257
159187322,20709918
89450929,75842934
52848471,181127761
20118774,200764881
23321913,14853523
23244977,9561972
14669951,150783792
169190062,32632288
76965765,90183835
166330267,100874499
165907046,34717741
46006593,108740292
85254026,166825197
103191254,46006593
84248931,47620295
115589629,17108735
19114712,36808182
24656661,113283096
60828595,62811246
202551748,139142535
122872578,18914363
209653075,170343168
63479283,78758195
82340330,4391831
119900549,166619223
59214367,155694013
44449415,37725640
90183835,200764881
77115520,116296866
15337309,49263209
158641863,213622865
59490679,29262732
11283752,156519299
11283752,127689975
99272041,89450929
23321913,85639025
14645435,101621282
17855109,47455112
207601220,49043839
14048781,17515904
92819365,91307449
84478248,7453432
168813492,41181597
58894437,130151697
23286934,212564837
197290125,48641502
49139660,18914363
23244977,67540314
197209907,32513408
200688599,15817520
190178302,19589219
29207479,43916631
59490679,24278396
27313635,44362599
111539157,68520890
5406692,27096965
122872578,30615272
80605065,170427873
18914363,24903229
11283752,84248931
97389564,103060329
19114712,16751582
24447978,84121454
133991537,29262732
99272041,113850982
29542368,44362599
167927318,99272041
16074930,93223785
115760304,164658421
67245969,82340330
49139660,917171
175339579,63479283
216929481,14536559
84634678,49398382
32712770,133991537
145896166,56249900
22311606,216929481
91951796,157157146
49263209,139142535
197209907,93465510
30663037,58026784
16340092,17666340
175413497,103060329
14372486,137429628
63122679,137715592
14110996,134328376
26281924,44449415
17494767,23244977
84416722,88112161
71810847,108097751
15754281,128145568
140111993,118272407
49334899,20408148
102770567,24656661
197001614,25739884
150565564,5406692
71844366,134328376
22992437,151064836
23500923,19350335
18805731,15773072
100708381,206472486
215922210,180326081
192449555,20745573
23034702,37525085
119298218,43552063
35862271,61343888
141445671,44449415
130918083,203314303
153293167,215817658
20745573,9651842
8802752,16488095
116296866,99802007
84121454,85680408
180326081,148610324
76965765,16261564
115589629,72772539
44449415,84248931
170576105,128651444
100799912,168137694
111429335,88112161
47455112,17108735
77115520,141445671
38478015,54930709
80373417,48641502
1652541,110278300
125750669,122872578
23034702,19455756
9522502,94729825
155624469,195494230
102770567,113779850
18291699,153293167
62751389,57886729
141445671,1652541
200764881,166302956
214989438,187140926
91154230,16590621
175339579,49304757
112611323,114669910
59096272,209415072
99280319,92819365
169021183,131779531
14138785,16751582
216172048,36794576
183280830,181125940
113415132,106093103
160522796,216667403
67063689,157157146
158641863,170268437
156519299,170576105
100874499,41540398
145896166,183875985
14613342,32272710
159187322,183779621
23321913,155527514
10723812,14853523
83676464,190178302
61226681,17666340
97730588,213424266
16984207,165134147
24903229,51273193
43552063,119298218
16219103,139142535
190360715,24311134
64429987,22985183
188862721,46006593
198559873,15947185
19114712,93753178
22808941,49304757
130064774,53033847
4391831,97730588
48641502,118457538
50440593,216784183
197147148,51259010
16664681,105357244
9522502,14613342
78942172,53627610
187519993,103191254
112776868,103191254
181043996,207544312
128145568,118457538
4391831,14536559
32632288,142801601
200782444,197147148
20378642,47620295
105549512,26754271
94729825,32712770
16521436,19651092
14546753,89099440
63479283,20709918
38637366,17477109
112776868,130522971
200764881,115045264
76405315,53033847
6962932,114669910
216172048,22729305
151064836,15186298
137041711,168623357
26686282,137041711
44449415,28543597
58193531,142807574
63212565,19723651
21460496,32323843
158641863,14437914
212564837,49590909
43552063,17668544
22799524,29262732
68520890,25542270
128651444,21037606
85639025,26388704
130918083,198039057
193753695,104638041
206998334,26281924
36794576,126327405
16012783,198559873
42411993,16521436
158837399,71442585
133991537,147438185
17494767,5392522
14669951,157914121
19651092,15947185
21983184,22700291
131926558,36270166
149316600,183280830
109854452,84416722
70983920,53429724
190178302,21496372
21452804,166825197
1652541,71442585
104638041,150783792
93753178,23244977
59903123,168813492
109975456,36803115
51241574,123601629
1934931,198039057
183883562,67063689
67536070,115760304
19350335,18368630
151064836,170576105
21496372,16164985
91154230,203314303
142177625,14983173
14138785,7996082
83722627,176051496
56669858,87543340
132946370,119298218
32513408,80647113
19455756,67245969
150783792,22808941
125162693,80605065
16261564,79524516
90183835,53595060
211727581,42919671
211596830,79962217
203058745,30142034
22394806,85824959
168813492,54930709
18368630,18038429
14048781,100708381
17715048,14372486
211727581,27043877
2334361,198965123
5392522,114215887
74258121,22700291
158641863,211727581
118430700,166825197
173320942,49590909
54930709,51477107
5406692,87543340
125292964,206472486
14437914,42075606
24447978,10723812
146846703,24595339
14756888,39770974
96061929,98114176
49263209,95447766
157914121,37525085
36480927,122872578
59903123,165251008
22201334,96707237
9522502,37525085
119298218,86836975
111429335,145359272
29268171,15611971
16615594,16790655
16219103,49263209
18202722,96061929
64429987,211596830
59903123,96535829
24346245,124745007
79896423,150565564
52618906,103060329
135864208,193753695
17060573,52848471
142294384,80647113
115589629,130918083
19651092,61226681
118457538,811407
14208586,111165159
24776907,18291699
166619223,16261564
175898699,51195896
109676563,170576105
140791698,29268171
125542564,148521501
203314303,32323843
15152296,105202268
816653,9522502
16261564,125292964
131900496,22992437
131779531,149316600
15947185,117184057
103191254,184598056
19879777,109975456
128604687,206998334
23500923,25734393
80373417,71442585
188862721,108740292
55026534,11844652
216784183,42208602
134436909,213623879
142671912,157914121
4391831,18868105
173176420,84478248
16261564,8802752
165134147,39770974
79524516,1934931
105574959,102761112
80605065,86007399
24595339,188055481
67245969,79498539
11844652,18119568
14437914,972651
206526338,130694257
11966392,62811246
129027871,18084838
85254026,816653
17060573,203058745
123926189,29654257
99280319,114669910
17938326,86836975
215136224,87085891
102348958,119989518
21487677,17515904
133828327,170576105
21037606,43192523
28543597,8453452
8453452,47758416
209694671,39582260
31286103,156519299
168137694,108740292
16261564,75762311
10835172,158062308
64429987,16074930
209759935,16582002
142052768,17547860
2557521,53595060
55058104,42075606
21037606,170343168
106305404,52456063
24451822,7996082
18805731,148782726
19455756,43192523
98114176,151902956
14456434,14209248
52279525,21985529
85653397,36257620
13715572,15982861
15817520,168137694
811407,200764881
132360282,47455112
114702380,118457538
26388704,157157146
17102621,22985183
186946448,66439706
37525085,181127761
15538580,42919671
25461857,14803639
147712262,211975974
172869388,183875985
181125940,15212433
52279525,215922210
80647113,73458071
32347902,41181597
132360282,127689975
131779531,155694013
39582260,32131194
78942172,18119568
158641863,58888841
18291699,51241574
15186298,74258121
104638041,32632288
150286640,183875985
93753178,140791698
15947185,24903229
132554724,23034702
152301411,97733756
188801683,21733528
17668544,10386152
179210801,166825197
196442985,79498539
7996082,165134147
9651842,206526338
130918083,19723651
24451822,133991537
216929481,18084838
21983184,51241574
119298218,22726788
6980622,99280319
150783792,50695063
216172048,49999478
91154230,130694257
39090412,29268171
188055481,19350335
146374415,160922375
27390869,10835172
157914121,16751582
2883841,6962932
151131672,68750497
13591862,33058255
151902956,130064774
20659226,122579025
71107025,36226144
18119568,141445671
79962217,15257064
102348958,152301411
35660372,23771604
184598056,100799912
216784183,29654257
59040007,25349666
17666340,213622865
100799912,16488095
142807574,118280371
168137694,51259010
151902956,49292083
164658421,8802752
127303496,61343888
16012783,133991537
10236782,39054966
193554662,118334959
181127761,103464708
53429724,17702620
88076545,6017542
69366942,19651092
40592622,151064836
101887202,209759935
23897581,14546753
36480927,157914121
17715048,55058104
28335019,53429724
142052768,48390635
78942172,124548367
15704208,52279525
103464708,43916631
24346245,39126647
172225068,159214949
41181597,166302956
137041711,193992191
159187322,17477109
29262732,120030004
120532998,180250996
49398382,20378642
101887202,164658421
149219001,80647113
170268437,93552029
18084838,19004351
84243876,193554662
150286640,788098
29711378,30142034
7453432,84231781
20118774,117159333
37525085,122579025
5392522,210993736
166302956,53033847
156626372,192442937
15538580,193992191
42974341,59903123
79962217,116296866
150565564,155527514
97730588,182048340
170576105,45775946
24903229,137336698
19445829,972651
51976537,811407
24278396,21452804
203332544,214822782
166825197,47005386
11716022,23662812
13715572,19651092
17855109,130918083
8802752,59040007
18868105,116296866
118280371,164658421
28543597,105549512
84416722,27096965
14456434,84416722
160922375,158641863
807095,95447766
99280319,972651
97936003,173320942
51273193,71844366
26530494,175339579
164036769,215136224
160522796,193974258
117775747,21145074
25667531,84121454
2557521,194306325
49761640,175413497
612473,90086812
31286103,53033847
99280319,32712770
169915974,13591862
169190062,59490679
165907046,68520890
114974578,42411993
800594,183280830
49334899,85639025
119989518,22182294
17102621,33961122
41228046,16340092
14546753,216476526
55026534,68888437
151064836,14853523
53066739,68520890
114702380,167927318
49292083,101844599
22700291,97733756
142052768,18805731
30663037,33961122
14983173,165251008
118343805,742143
132612688,38522224
197290125,9651842
20118774,31286103
70720650,175339579
89450929,15754281
51081214,126472424
99272041,196918332
51241574,151902956
94853291,118430700
37290416,18863894
18202722,14048781
211975974,213424266
153295237,25893142
211727581,128604687
14536559,20408148
84248931,15212433
69366942,7453432
151064836,22438730
8788992,43552063
127689975,55026534
194306325,24892031
118457538,16782082
59903123,10723812
84416722,21983184
206526338,132612688
15538580,19455756
19266917,1678681
203058745,54257746
200764881,44449415
88076545,53033847
104638041,24595339
18713552,127689975
47005386,23034702
101844599,145896166
7486282,79524516
173927051,76007500
103060329,23286934
149316600,164036769
84416722,70376835
125292964,26418517
64429987,20709918
27445002,160522796
159214949,25893142
115589629,134328376
25893142,213623879
24447978,32632288
41266468,97730588
40592622,23286934
181125940,133828327
2883841,166825197
142807574,27390869
206526338,24595339
90183835,14853523
43552063,72473264
195494230,168813492
150565564,14138785
93753178,14983173
216436498,19266917
24278396,128604687
194306325,114215887
22256645,76166323
22394806,14803639
72772539,59903123
48390635,23244977
19455756,22799524
11716022,130918083
147712262,24278396
76166323,197001614
30142034,24656661
187140926,17571819
123601629,120030004
153293167,14864368
129027871,126472424
156519299,16261564
16664681,5406692
206472486,63122679
33961122,63122679
16340092,23897581
27096965,9561972
158837399,15152296
193753695,21983184
164036769,39770974
18914363,190178302
109975456,72772539
115333717,137498387
214822782,26678604
83376048,55058104
67063689,22421834
21983184,30663037
15257064,32148675
101887202,186946448
82340330,17269578
126327405,122579025
66439706,130064774
4391831,187140926
46006593,192442937
105357244,22700291
17571819,76965765
133828327,15754281
44449415,85639025
30663037,69366942
21037606,24477224
73660605,197001614
182048340,50886015
17855109,166825197
16164985,103191254
24656661,117775747
14546753,133828327
43192523,149316600
203058745,100708381
48401114,73660605
100799912,69366942
37157334,111429335
88076545,134436909
21145074,22352951
119989518,214822782
30663037,78942172
216476526,106093103
43192523,17060573
209759935,17626165
120532998,148782726
85804696,146846703
126327405,7453432
120199321,131900496
43552063,18425728
110278300,151064836
149132713,146374415
103979872,24278396
56620439,15754281
188801683,58888841
45762728,48390635
25718220,173320942
127047893,141445671
25667531,73660605
153295237,25893142
97730588,105357244
68520890,14456434
79498539,48401114
14138785,102761112
20952823,21983184
18202722,149316600
58193531,972651
67540314,125292964
26686282,31353682
18914363,126327405
127003659,50440593
89850065,2883841
2557521,156519299
196873111,187140926
151206708,816653
166619223,128604687
104638041,106548662
116296866,17515904
213622865,203058745
120532998,157157146
81450435,100799912
195494230,115760304
18863894,114215887
67536070,132946370
156519299,166330267
111539157,34730227
40592622,58026784
130694257,20408148
100799912,19589219
63122679,209653075
133514035,19651092
91951796,42411993
148521501,15611971
79797834,149132713
185712842,62811246
108878340,61226681
816653,30663037
115589629,5406692
51081214,167927318
131900496,79797834
19387229,48401114
83722627,37609326
71496690,59490679
18653651,51241574
16261564,74258121
38469445,206998334
114215887,18863894
169190062,18863894
72772539,24447978
197209907,157914121
209415072,96707237
39770974,19723651
16012783,181125940
103464708,18781842
202551748,85639025
38469445,207544312
36480927,120030004
14372486,13715572
80373417,69366942
155694013,170576105
24892031,26754271
80373417,131779531
122872578,183875985
213424266,60685889
46006593,1652541
811407,133514035
22256645,24346245
13715572,93223785
49999478,190178302
216667403,215817658
170343168,32323843
50695063,166825197
30142034,29268171
210993736,17665654
45307981,811407
85653397,62811246
55026534,147962755
14812346,29639874
31513326,14803639
56620439,70423521
16284328,61226681
972651,15754281
165251008,17108735
64429987,14546753
35548462,34717741
170576105,80373417
14546753,198968387
115333717,22619937
93223785,17108735
164036769,198961085
71496154,16261564
16664681,49263209
16965437,122579025
130522971,93465510
24463474,181127761
83376048,17060573
14546753,29262732
52618906,118280371
14145235,42208602
14864368,151902956
148521501,150565564
84231781,100799912
120030004,85653397
16488095,99272041
95848771,17855109
64429987,61343888
23286934,67540314
69366942,81046402
972651,79797834
139882629,49590909
32712770,166619223
67063689,14803639
86836975,16012783
108740292,111931632
17715048,36794576
88112161,25667531
115045264,180250996
141075180,149132713
30663037,19114712
14372486,100799912
27043877,38692740
10386152,156626372
88076545,142294384
31286103,11844652
788524,36257620
44444414,84243876
84243876,74676216
153293167,206526338
115760304,49043839
98114176,95447766
150565564,18522476
126327405,153095861
48390635,216667403
23662812,22201334
45307981,80605065
17818562,103060329
15186298,32323843
26754271,30965302
133828327,130694257
87085891,29262732
18713552,21145074
188862721,14511951
82340330,15704208
41266468,137336698
20378642,60828595
209341052,85804696
21487677,209415072
77872478,152301411
52848471,17494767
102348958,23321913
53033847,15773072
26388704,84231781
208261237,139142535
44444414,96061929
15538580,216784183
23242347,49015331
49043839,24544713
137715592,17571819
108097751,115045264
972651,137336698
120030004,188869825
157914121,159187322
115589629,24451822
29207479,34717741
216476526,130064774
150565564,123601629
51195896,49139660
17477109,100799912
85656718,7280142
196442985,47523034
214246280,84416722
23662812,75762311
16192310,86836975
103060329,70704329
122579025,105518273
75842934,14536559
130151697,130918083
142807574,3701401
8802752,214246280
67063689,28785486
49761640,134328376
93753178,19445829
153293167,25729419
183280830,32814009
72286180,198559873
108097751,42208602
181471609,49398382
17102621,17477109
56620439,35743374
183875985,2334361
70720650,15152296
72286180,52618906
29654257,15947185
211727581,196442985
168137694,128651444
203058745,213622865
206998334,79769567
142962699,115760304
58026784,18291699
164399247,86007399
800594,52279525
7486282,153293167
816653,17715048
93223785,202739522
169190062,95848771
17818562,92819365
116296866,105574959
29262732,25667531
134436909,16751582
32712770,200764881
158641863,118343805
214246280,34730227
123926189,16164985
49334899,111539157
16983506,193974258
14545455,48641502
108878340,88112161
21985529,23286934
17102621,165134147
21983184,38522224
187519993,95447766
42411993,101844599
132612688,123926189
51273193,17668544
26281924,15186298
800594,122579025
188801683,90827527
80373417,20118774
163145226,181127761
9522502,47620295
89450929,198961085
84478248,130064774
148782726,94853291
22726788,49590909
19387229,49015331
44444414,99802007
197001614,105518273
21487677,19427498
127689975,216784183
188055481,55026534
59096272,19651092
16590621,22394806
102770567,78758195
157157146,26281924
148610324,972651
106093103,97730588
78942172,23321913
14511951,8802752
29654257,24776907
128651444,128651444
50886015,25893142
42075606,78942172
137455850,84416722
99272041,127303496
187519993,80373417
22808941,105518273
23662812,110278300
49015331,19140203
114669910,11716022
43916631,122579025
122872578,133514035
123601629,47758416
31353682,216172048
149132713,18522476
47005386,29207479
23244977,24278396
188801683,85804696
99272041,84478248
127047893,111429335
116572628,158837399
127303496,110278300
42075606,137455850
25461857,112991391
23034702,19427498
68888437,147712262
19136776,48401114
180326081,89414621
816653,59040007
53595060,13715572
17164959,137498387
17571819,800594
49398382,103464708
134436909,17668544
17571819,101621282
36895408,21452804
36794576,187140926
147438185,27761892
142294384,22575170
30965302,139142535
23897581,742143
175339579,117775747
14803639,158837399
80647113,211727581
19266917,187519993
70720650,169915974
168813492,51241574
24892031,20378642
79896423,200782444
197290125,38637366
175339579,45446985
24463474,202739522
108740292,95447766
203332544,41232718
18653651,64429987
39054966,123926189
214822782,101472930
22808941,164187990
45775946,28543597
24463474,22256645
59040007,16284328
16074930,127689975
50886015,15611971
38522224,15012486
19651092,93753178
88076545,788524
109854452,63122679
95447766,125542564
133991537,17715048
16334480,58193531
203058745,98114176
19455756,14853523
18664838,129027871
120030004,137429628
44362599,18084838
165134147,216667403
17060573,52848471
194306325,62751389
41823835,64429987
101621282,103464708
14048781,207544312
23244977,18536530
130918083,10236782
158641863,60685889
24656661,94729825
101295760,8802752
51195896,183280830
16284328,137429628
23286934,110493911
80647113,11844652
90827527,47758416
164658421,22992437
130522971,61343888
34717741,52605650
23242347,202551748
80647113,18781842
24463474,148782726
17855109,212122476
14864368,108878340
76166323,20408148
115589629,51241574
32632288,130522971
109854452,182048340
9651842,87021540
24278396,57886729
2557521,17542265
17542265,51273193
156626372,742143
38522224,128651444
121148202,49263209
188055481,6962932
19651092,14325066
23244977,16192310
209415072,15773072
104957846,143187724
21275774,14110996
128145568,165907046
18119568,197147148
83376048,8788992
78942172,118457538
18291699,106093103
15337309,137069269
39090412,158062308
150783792,193994014
165251008,19004351
17547860,183883562
16488095,8802752
38522224,108097751
53033847,1652541
160522796,120532998
173320942,157157146
198961085,118334959
105719794,183280830
168137694,16334480
84121454,184473176
14511951,213622865
73458071,209759935
84121454,18084838
36064883,18318632
190360715,49334899
149316600,59490679
72473264,50440593
17102621,211727581
215817658,42075606
18202722,23034702
148610324,18291699
209341052,122768292
39524835,176399599
151206708,113361758
23500923,11283752
58894437,145359272
33961122,92819365
24451822,17665654
55026534,36257620
215136224,106093103
179210801,17547860
108878340,22438730
78942172,150565564
125750669,35660372
103060329,16334480
48641502,11283752
22808941,64429987
44444414,79524516
31286103,97733756
130064774,4391831
149219001,21496372
150565564,7486282
29654257,17702620
115589629,70983920
36257620,187519993
113216063,146374415
160922375,27602245
38469445,180779733
49263209,19445829
26281924,169915974
32347902,211596830
70720650,1652541
16192310,164399247
48401114,52848471
103464708,159187322
19427498,203058745
155527514,73660605
49263209,14138785
123601629,118430700
71844366,109854452
207544312,24278396
51081214,26754271
193994014,36895408
48641502,101844599
166825197,35660372
21496372,25542270
32513408,172225068
66439706,51081214
25734393,69366942
26678604,14546753
32131194,53429724
55058104,39054966
32131194,113361758
82340330,118280371
14853523,56620439
9003482,114974578
155527514,25734393
84231781,40592622
52848471,207669253
21037606,8802752
134328376,190178302
22992437,811407
43552063,788524
80373417,15337309
82340330,159214949
50886015,39054966
2467791,28543597
56998292,26388704
61343888,103979872
37525085,186946448
114702380,8802752
17060573,2467791
116296866,52881829
36794576,111539157
18781842,155694013
16337999,31032322
115333717,196442985
42919671,13715572
100708381,39770974
41232718,143660223
179210801,198968387
11844652,19266917
101295760,54257746
114974578,137069269
17108735,164036769
151131672,23286934
105202268,16782082
153295237,19651092
183280830,19299339
24451822,31286103
79524516,76965765
198559873,19387229
187140926,60828595
173927051,180326081
14110996,25893142
2334361,197209907
50640705,152301411
142807574,29207479
19136776,155694013
18202722,100799912
164036769,78942172
113850982,88417176
19651092,70720650
14138785,150783792
32632288,130522971
10723812,63212565
194306325,90827527
85639025,51273193
131900496,175339579
141445671,15012486
142807574,42411993
41232718,155923543
181125940,84121454
166330267,160922375
80647113,99802007
153095861,15754281
23662812,83376048
84231781,140111993
137041711,31032322
67629556,32614638
16334480,97730588
180250996,78942172
15754281,9561972
17547860,97730588
114215887,34717741
18425728,151902956
25349666,18805731
216930495,185188539
31286103,127303496
16983506,150783792
47523034,15012486
22090204,115045264
19589219,11966392
22726788,14669951
181125940,49263209
71496690,47758416
29654257,215817658
26754271,188869825
34730227,800594
15982861,24860522
19004351,29029595
157914121,208261237
200782444,193992191
18914363,116968974
43192523,54257746
102761112,22985183
788524,39770974
183280830,39770974
158837399,2883841
14536559,192442937
166330267,170576105
55650291,67284910
49139660,111429335
156519299,49015331
122872578,114974578
28543597,158837399
97389564,14372486
53066739,47758416
91951796,122579025
145359272,15947185
206472486,33456767
180250996,18713552
148782726,28335019
111539157,21765964
16334480,24405517
20408148,104638041
72473264,71496154
122579025,22985183
164658421,17855109
36895408,109975456
23897581,89099440
49334899,26625439
74258121,39126647
25667531,122579025
120030004,213424266
142671912,197147148
70720650,80373417
183280830,40592622
41181597,18425728
206472486,90543477
39582260,194290594
212115164,137715592
19387229,147712262
24776907,16983506
39054966,811407
18202722,51477107
187140926,25349666
199257224,197147148
149132713,14756888
36257620,7996082
126327405,17120599
75762311,38469445
130694257,70720650
71496154,133828327
155527514,15754281
180250996,139882629
15057155,134328376
24346245,86836975
10835172,100708381
53429724,105357244
24776907,165907046
37525085,101295760
10236782,15754281
101295760,50695063
7486282,19427498
31370199,16012783
106548662,83172060
25542270,25461857
118430700,14546753
88112161,800594
51241574,56998292
195494230,204437035
61226681,13591862
16334480,84416722
118457538,17668544
22394806,44362599
19651092,23321913
109975456,14209248
100874499,155694013
38469445,5392522
103060329,16590621
25893142,151206708
151902956,115589629
175413497,36895408
26625439,111429335
28785486,203314303
14456434,132360282
53595060,63122679
130375773,28335019
14293310,20408148
72473264,197147148
15012486,207544312
209341052,158837399
155694013,11966392
23897581,215817658
120030004,20745573
146374415,32632288
179210801,73660605
212122476,127003659
122872578,85824959
25667531,161044995
17818562,172225068
49018161,25461857
63479283,198965123
110278300,82340330
51828149,17108735
24860522,20378642
86711072,22729305
114215887,17668544
99280319,170576105
68750497,186946448
21037606,67540314
159187322,187140926
118280371,39054966
210993736,182048340
95848771,133991537
63479283,15186298
788098,24544713
146374415,48726692
153095861,80373417
14208586,164399247
187519993,122872578
196918332,49999478
51477107,127003659
140791698,16782082
82340330,193753695
105357244,5406692
135864208,18713552
18863894,43192523
67245969,28543597
99802007,18653651
51241574,17668544
24447978,22256645
61226681,198961085
114215887,22726788
30362119,147712262
19427498,132612688
21452804,22256645
32614638,22985183
71496690,19299339
33058255,5406692
53627610,26678604
121148202,26281924
193753695,108878340
25349666,14372486
25349666,132946370
83722627,139882629
16983506,24892031
90827527,105549512
14864368,121148202
63479283,49263209
137455850,163145226
19653737,27313635
209653075,100799912
18522476,31370199
32632288,160922375
53595060,59096272
153160314,187140926
193974258,25542270
39126647,118272407
44444414,127303496
82294198,15012486
23244977,80647113
32712770,118272407
23897581,132360282
160922375,29207479
48401114,41228046
123601629,16965437
17668544,18805731
24595339,179210801
52848471,133828327
194306325,85653397
206998334,800594
102761112,29262732
123926189,24595339
184473176,113283096
29029595,48401114
118457538,209653075
124745007,122579025
17855109,88417176
209694671,19455756
54930709,149219001
140111993,13715572
24595339,20659226
16012783,42075606
142177625,93753178
42974341,215817658
163145226,38692740
16965437,17060573
99272041,24311134
149132713,16012783
122872578,51828149
48726692,22256645
181127761,165134147
40592622,2334361
95848771,72772539
157914121,19651092
32614638,19427498
50886015,10386152
22421834,53627610
26418517,134328376
15416541,71844366
97730588,153295237
79524516,53066739
13591862,15279465
21452804,209759935
14437914,180250996
31032322,46006593
78942172,788524
28785486,53595060
130918083,93465510
70720650,18522476
52881829,53595060
118280371,20745573
39090412,49015331
42974341,25718220
151902956,41228046
15152296,18536530
152301411,17668544
185257006,118430700
203332544,150783792
68888437,184598056
15947185,114974578
141445671,16164985
91307449,193992191
14983173,46006593
21983184,170343168
133828327,44848337
130918083,26678604
193974258,132946370
14803639,58026784
68718486,148782726
123926189,22575170
22182294,147438185
110493911,17715048
156494790,70720650
101295760,129027871
49125659,213623879
89414621,128145568
80373417,156519299
113779850,115760304
25349666,19455756
209759935,35862271
106093103,67540314
148782726,32323843
142177625,141445671
22992437,118334959
22575170,69366942
78942172,7453432
128145568,50640705
164658421,118334959
30142034,170343168
87021540,104957846
141445671,50640705
19387229,16192310
19723651,36480927
132612688,115589629
131900496,15012486
104957846,111429335
170343168,18805731
17715048,33456767
145896166,87543340
137336698,64429987
36794576,170343168
101472930,39090412
183875985,84243876
36794576,67063689
44337800,39582260
133991537,160522796
141445671,94853291
42075606,39090412
132360282,32513408
77872478,50695063
32272710,23897581
101621282,181107657
183779621,101472930
130694257,131900496
170343168,26678604
35743374,16012783
156519299,31370199
17164959,22575170
197290125,14983173
162094948,87021540
173320942,23897581
96061929,103979872
32148675,206526338
61343888,61226681
11966392,149316600
85824959,52848471
72473264,142807574
51195896,8788992
127003659,55026534
100874499,123926189
18291699,40592622
816653,25729419
14864368,147962755
36803115,16192310
113361758,104342504
127185773,49398382
89850065,125542564
151064836,215817658
186580886,23662812
19122242,48401114
48390635,100799912
193753695,49398382
15012486,85824959
62811246,5392522
18318632,42075606
24544713,108740292
6962932,70704329
164658421,63122679
80647113,67245969
199257224,115045264
38692740,36226144
19387229,8802752
180250996,36794576
142177625,22992437
41823835,170427873
89996706,19114712
67245969,63479283
91951796,9522502
48390635,59096272
149132713,106548662
19266917,25734393
23244977,14756888
202739522,198039057
181043996,14546753
26418517,101844599
15186298,123601629
25349666,82340330
79524516,186946448
42411993,31286103
137429628,20378642
25893142,45775946
198965123,19653737
27602245,171656520
18009912,22992437
21037606,130064774
30663037,24447978
15152296,7996082
142052768,24311134
106548662,181127761
165134147,182048340
101844599,206998334
23662812,22182294
25893142,50886015
120030004,187140926
118430700,119900549
200764881,186946448
160522796,15754281
24595339,111429335
17108735,114974578
100874499,16337999
209341052,113415132
53595060,17702620
101621282,196918332
137429628,102761112
25739884,127047893
44444414,11283752
15947185,142294384
29262732,10386152
129027871,21452804
49304757,29207479
86836975,14756888
18522476,41232718
214287984,16615594
216929481,114844022
47620295,102770567
118334959,72202689
77115520,5406692
130522971,59490679
1652541,50886015
71496690,185712842
36257620,99280319
119989518,59490679
9651842,78942172
32712770,83172060
788524,158948539
53429724,128651444
39054966,16192310
11844652,49139660
130151697,28543597
165251008,183280830
71844366,121148202
39770974,19004351
14812346,152194034
118280371,15012486
35345306,53429724
29207479,119900549
146374415,111931632
85886184,200764881
62811246,87085891
22808941,169021183
20745573,114215887
19723651,85639025
18863894,42208602
52881829,51828149
50886015,128604687
134328376,110278300
18805731,50695063
214822782,139882629
81222876,15416541
19455756,125292964
19589219,19455756
206998334,17108735
197001614,31286103
187519993,135683437
20378642,43552063
41266468,24278396
15002660,80647113
32814009,807095
742143,169021183
181107657,18713552
18805731,167927318
89996706,26678604
127047893,36808182
68520890,15012486
79962217,11844652
30615272,17855109
139882629,81046402
70704329,24776907
14325066,149316600
90827527,199257224
35548462,103979872
184473176,193974258
97936003,75762311
89414621,84478248
36794576,28123638
30142034,816653
22799524,39524835
17668544,42208602
800594,17547860
25349666,24595339
31032322,133991537
86007399,46006593
7453432,159214949
39582260,139882629
52618906,87543340
63122679,39090412
172225068,118457538
52618906,18084838
52054505,88417176
8788992,147438185
188862721,210993736
86711072,10386152
86711072,182048340
38692740,113779850
36794576,51477107
13715572,42998320
197290125,23500923
126472424,48100745
17938326,118272407
216476526,82294198
186580886,132612688
24860522,18084838
198559873,213622865
166330267,193992191
68750497,187519993
21275774,190178302
49590909,10723812
216476526,83676464
56620439,46006593
166330267,155694013
160522796,16664681
15186298,101844599
34717741,58894437
85804696,106093103
147712262,47620295
18119568,84231781
5392522,36794576
137876983,160922375
22700291,91951796
151206708,19455756
49018161,175339579
19350335,96535829
21606814,81046402
14546753,119298218
70704329,67063689
48726692,168137694
38692740,22619937
149132713,29639874
41540398,39582260
137336698,211596830
49999478,14209248
16261564,52848471
72772539,198039057
152301411,159187322
26388704,68733145
788524,52618906
38637366,160922375
16590621,20659226
788098,45775946
15611971,209415072
91951796,71496690
6980622,36895408
972651,26281924
48390635,79797834
29262732,139882629
103245828,68750497
140169937,60828595
118457538,53595060
32712770,173927051
37290416,2467791
22086087,7486282
151131672,42919671
52605650,55058104
17120599,117184057
80647113,118272407
22799524,213424266
72202689,16261564
106093103,52618906
42075606,91951796
59040007,27043877
198965123,91951796
189689466,115045264
124745007,59490679
94853291,27390869
18522476,17855109
17571819,67540314
17571819,67536070
70704329,24447978
24544713,139142535
16192310,19266917
188862721,125292964
20378642,17571819
125542564,183875985
14293310,41266468
32148675,15773072
18425728,181127761
22985183,211727581
53429724,85653397
8453452,49590909
65706513,156626372
31513326,972651
19299339,16590621
24656661,118457538
84231781,82340330
196873111,186946448
19004351,19651092
187519993,216929481
153392925,198965123
170343168,41823835
22352951,24596498
39770974,19455756
25893142,113850982
11283752,142177625
16219103,83172060
102348958,30965302
112611323,30965302
164399247,209653075
25718220,21352313
26625439,51241574
207544312,23244977
18653651,53066739
170427873,182048340
21733528,114702380
43552063,206472486
42974341,86711072
47620295,109975456
157914121,25461857
115760304,101844599
26678604,85656718
155694013,214287984
15611971,67536070
49263209,104957846
109676563,24278396
122579025,166825197
1652541,79797834
85254026,16261564
216436498,48641502
164036769,142177625
69366942,132946370
30142034,71107025
68888437,211975974
36794576,216667403
114215887,16261564
15212433,151131672
16751582,199924232
14669951,17702620
130918083,149132713
6980622,125542564
143660223,47758416
101621282,130151697
59096272,17060573
46709068,167927318
168137694,36480927
15186298,7486282
108740292,62811246
29262732,206472486
131926558,16192310
48641502,187519993
91951796,19455756
53595060,36257620
19350335,816653
201439547,19723651
16261564,216667403
118272407,14812346
108740292,22985183
17668544,110493911
209653075,49263209
106305404,77115520
105202268,203058745
165251008,14545455
209694671,45775946
89450929,70720650
95848771,153293167
125162693,84248931
200764881,196873111
76166323,52618906
127303496,32347902
39090412,21145074
164036769,54257746
52881829,14325066
28785486,58888841
99272041,24903229
53429724,18425728
84243876,30362119
1678681,34730227
61343888,121148202
972651,104342504
128651444,183280830
143187724,132554724
36808182,13715572
124745007,54930709
34730227,79524516
112776868,213622865
90183835,180250996
42411993,118457538
185257006,137336698
20745573,142294384
155527514,84416722
137498387,51241574
18291699,196442985
194306325,64429987
133828327,87085891
14372486,196873111
139142535,206472486
103191254,104342504
21487677,124745007
120532998,56620439
19302176,149132713
53429724,51241574
71496690,84622495
15186298,150783792
134328376,17818562
132554724,22201334
101472930,133828327
29542368,22438730
16334480,181125940
67629556,22729305
163145226,36794576
25893142,8453452
145896166,25718220
181471609,137041711
113361758,145359272
27313635,816653
209341052,84243876
84248931,175413497
46006593,49263209
10236782,175339579
179210801,50640705
173927051,116968974
73660605,16284328
143660223,197001614
39090412,153293167
49263209,32148675
89414621,51477107
85886184,67540314
143187724,193974258
28543597,19004351
22992437,23321913
52848471,93465510
22700291,71496154
7996082,71442585
5406692,118272407
49398382,84248931
17120599,18664838
93223785,16746041
17108735,32272710
166825197,56998292
180326081,118280371
213424266,49015331
103979872,89414621
21145074,24544713
131900496,102348958
7486282,47005386
101472930,31353682
14293310,20745573
612473,20952823
188801683,73458071
49590909,19266917
125542564,19427498
32148675,68718486
185188539,17515904
103060329,15152296
33961122,11716022
156519299,193992191
183280830,18038429
21983184,67536070
101844599,214822782
130064774,18009912
166302956,213623879
108097751,206472486
25734393,166619223
89450929,180250996
56249900,87021540
139882629,14372486
23321913,20745573
22421834,100799912
51273193,113779850
129027871,216172048
16261564,152194034
150398575,32392912
788524,7996082
108740292,28335019
134328376,742143
108740292,22182294
18914363,198961085
180250996,127185773
125542564,86836975
183280830,811407
166302956,118343805
180326081,24656661
118177842,211596830
108097751,19653737
41266468,53429724
16261564,71442585
84248931,99272041
201439547,44337800
25718220,105357244
124745007,89850065
20118774,197290125
148782726,816653
78942172,15416541
155624469,207544312
17571819,199257224
80605065,118457538
47005386,215922210
788098,151902956
53066739,42411993
16984207,97733756
17571819,22799524
209653075,216476526
122579025,83172060
19653737,126327405
57203317,50886015
116296866,26625439
16074930,179210801
29262732,113779850
203314303,128145568
17571819,203314303
20869604,59490679
120199321,169190062
139142535,168137694
186946448,25718220
14669951,179210801
16340092,68888437
16590621,22201334
216641433,200764881
17515904,22575170
16965437,14536559
76965765,101887202
18653651,160522796
788524,18664838
96707237,123926189
87062542,39090412
9651842,79797834
16074930,59903123
15754281,71844366
15002660,104638041
38692740,14511951
37157334,64429987
50886015,24595339
110278300,67540314
21606814,17715048
45775946,79797834
72772539,17515904
102770567,59096272
107171260,207544312
76166323,207392186
153095861,85656718
16074930,92819365
127689975,209415072
7996082,100799912
160922375,156626372
42411993,29207479
213622865,49043839
202739522,63122679
19302176,58026784
816653,14812346
153293167,111539157
45762728,115589629
25349666,14812346
101472930,151131672
7486282,11966392
23897581,137455850
17108735,42919671
19136776,19651092
22985183,26678604
25849873,128651444
7996082,175339579
32323843,32614638
29542368,21487677
25718220,36480927
41823835,101887202
18084838,18084838
21536937,179210801
53066739,118334959
20378642,118280371
130918083,18805731
24881646,22726788
44444414,16012783
126327405,19723651
49590909,21275774
79524516,51259010
25349666,16334480
29268171,96535829
8802752,38692740
24903229,85254026
206998334,35548462
123601629,27390869
118457538,150783792
48401114,149132713
58894437,25893142
38692740,139142535
133828327,179210801
132554724,216172048
7486282,15416541
66439706,165251008
89450929,194306325
63122679,172225068
216172048,110493911
18863894,16746041
99571421,68520890
19114712,15982861
149132713,2467791
142807574,206998334
101844599,190178302
53429724,75762311
61226681,71442585
47005386,137429628
961201,109854452
142052768,16164985
56620439,111429335
816653,31370199
130375773,208261237
62811246,100874499
116103369,151064836
71496154,18805731
18863894,209653075
181127761,52618906
214246280,108097751
61226681,130918083
216172048,114215887
10386152,88076545
14669951,105574959
25349666,24806969
198039057,44449415
148521501,104342504
195212913,139882629
146374415,139882629
139882629,21733528
170343168,24311134
95447766,9561972
193994014,184473176
8788992,14983173
19653737,187140926
187519993,115760304
18653651,35548462
21275774,166619223
17626165,32814009
27043877,115589629
21037606,18291699
75762311,16488095
51273193,87085891
179210801,152194034
16590621,23897581
41823835,18273553
51828149,166825197
15947185,150926362
111429335,8802752
24595339,15773072
150565564,170268437
28543597,198039057
19004351,78942172
181107657,139142535
90183835,59040007
26530494,46006593
175339579,123601629
198039057,37157334
128145568,25729419
93465510,118343805
47005386,86836975
86711072,18084838
84416722,72473264
14511951,183883562
16664681,27043877
117159333,50462497
168813492,106548662
79769567,67063689
17571819,2557521
185712842,97730588
170576105,151902956
163145226,190178302
143660223,125162693
165134147,169915974
127047893,51241574
155527514,70704329
51241574,125542564
77115520,45775946
116296866,7280142
35743374,160922375
14138785,215817658
130694257,208278459
192449555,173949017
72202689,68750497
100874499,43192523
25718220,6962932
16590621,159214949
17515904,163145226
16012783,35862271
192442937,119298218
38469445,193554662
5392522,146374415
42208602,192449555
79797834,85254026
47455112,16590621
185712842,87085891
21037606,137429628
46006593,85653397
145359272,130918083
164187990,16983506
74676216,104265135
16012783,119298218
132554724,69366942
213424266,26686282
43552063,128604687
38478015,131926558
84121454,14853523
19387229,54986313
129027871,212564837
79498539,134328376
44449415,142294384
36270166,133991537
193554662,147438185
25729419,22201334
20118774,18291699
188862721,150783792
159214949,52054505
114215887,69366942
152194034,114702380
24544713,29654257
91154230,24311134
70704329,173320942
160922375,16340092
180250996,18653651
43260820,168137694
2883841,135864208
22619937,180250996
59096272,216929481
98197360,32712770
29654257,44807614
85824959,127047893
20408148,18119568
59096272,32614638
68733145,214989438
114974578,214287984
151206708,45307981
16782082,22256645
27313635,93223785
114702380,961201
14048781,811407
202066301,21275774
8453452,69366942
133514035,51273193
39126647,124745007
139882629,47455112
88112161,194306325
18291699,118280371
204437035,25667531
164036769,16615594
130694257,7280142
130694257,26281924
198965123,24903229
183875985,20118774
21606814,18368630
142962699,194306325
163145226,4795701
83676464,42998320
46006593,28123638
67284910,172869388
11283752,137069269
114215887,86711072
36064883,102348958
63122679,72202689
109975456,2467791
105719794,53595060
6980622,72473264
7280142,127047893
150565564,169021183
213424266,38692740
50886015,47005386
139142535,14145235
124745007,118457538
137429628,5406692
124548367,68520890
18863894,132612688
98114176,811407
16192310,23244977
158837399,16488095
110278300,101844599
64429987,24447978
20952823,155923543
102348958,166825197
16782082,160922375
7996082,22201334
23034702,165907046
147861899,123601629
14812346,142962699
22619937,132612688
103191254,22201334
23662812,18900664
49761640,163145226
97730588,132360282
85639025,137429628
16192310,16284328
14536559,22352951
132946370,105549512
149316600,16488095
110493911,49139660
15257064,23242347
115760304,147962755
14983173,123926189
152301411,71496690
15212433,214822782
84634678,24656661
14110996,93753178
113361758,9651842
130918083,93223785
110278300,83172060
18425728,29207479
86007399,11966392
137069269,110278300
48390635,32131194
116296866,49263209
213622865,157157146
193992191,41266468
32347902,24278396
20378642,14372486
62811246,9522502
20408148,109676563
49590909,71442585
68520890,164187990
105574959,22700291
35862271,14864368
130918083,77872478
100708381,176051496
142807574,130694257
122579025,91951796
210993736,59490679
47758416,123926189
42411993,15538580
816653,190360715
15337309,198965123
94729825,34717741
25461857,17515904
32712770,117775747
15611971,157914121
36803115,118280371
67063689,101472930
17938326,20408148
17938326,35660372
193992191,25461857
20378642,49139660
76965765,215136224
15012486,21733345
192449555,146374415
79962217,19387229
89414621,114215887
18805731,68520890
159187322,157914121
26418517,19427498
40592622,165251008
15773072,127047893
105549512,14546753
131926558,53066739
21145074,39770974
20378642,16074930
2334361,85653397
39054966,214246280
118272407,196918332
216172048,133828327
49334899,110278300
105357244,133828327
99571421,13715572
19266917,53066739
137336698,89099440
159214949,7996082
118272407,130151697
32712770,134328376
148782726,14613342
816653,67245969
16012783,124066180
68888437,183779621
39524835,20378642
202066301,157914121
21487677,24595339
31253102,42411993
173176420,961201
120030004,16790655
216784183,200688599
88417176,25734393
115333717,82340330
17542265,52848471
24776907,195494230
33456767,32632288
83172060,113779850
