,UserId,FinalInterests
0,742143,"[0.6651355028152466, 0.3238115906715393, 0.5073099732398987, 0.9041842818260193, 0.7972578406333923, 0.1471189260482788, 0.13300156593322754, 0.8351201415061951, 0.24016696214675903, 0.8441032767295837, 0.6341614127159119, 0.5239347815513611, 0.6090176701545715, 0.1678287386894226, 0.1313360333442688, 0.8759745359420776, 0.06119579076766968, 0.3027007579803467, 0.8230448961257935, 0.41191262006759644, 0.937937319278717, 0.8454607725143433, 0.014809250831604004, 0.624845564365387, 0.4791945219039917, 0.7057394981384277, 0.289501428604126, 0.9603725075721741, 0.38804954290390015, 0.1724795699119568]"
1,800594,"[0.8038490414619446, 0.34445780515670776, 0.5348563194274902, 0.05445659160614014, 0.9408284425735474, 0.6916740536689758, 0.30936193466186523, 0.5871754884719849, 0.681422770023346, 0.4073801636695862, 0.7609986662864685, 0.7917343974113464, 0.20261597633361816, 0.36105865240097046, 0.14214229583740234, 0.7703610062599182, 0.9040758013725281, 0.24839246273040771, 0.3638707995414734, 0.5618205666542053, 0.16378659009933472, 0.04086315631866455, 0.031057894229888916, 0.4734216332435608, 0.528471052646637, 0.2187284231185913, 0.5274982452392578, 0.9455790519714355, 0.9504756331443787, 0.05523276329040527]"
2,816653,"[0.6445508003234863, 0.9425691366195679, 0.056864380836486816, 0.35534995794296265, 0.8399645090103149, 0.15116095542907715, 0.8948274850845337, 0.10916829109191895, 0.7789496183395386, 0.6641001105308533, 0.4485384225845337, 0.7304720282554626, 0.4743655323982239, 0.329425573348999, 0.12490254640579224, 0.6167282462120056, 0.8644686341285706, 0.3982101082801819, 0.8847959637641907, 0.5305529236793518, 0.5604990124702454, 0.11007285118103027, 0.45511817932128906, 0.8949242830276489, 0.009398996829986572, 0.442638099193573, 0.20137834548950195, 0.5086575150489807, 0.258800208568573, 0.2574695944786072]"
3,961201,"[0.3282759189605713, 0.34356141090393066, 0.4487878680229187, 0.6491327881813049, 0.5961092114448547, 0.013878881931304932, 0.5114577412605286, 0.09387081861495972, 0.30525046586990356, 0.05730140209197998, 0.5563709139823914, 0.29483354091644287, 0.8703353404998779, 0.6957823634147644, 0.41801124811172485, 0.9119159579277039, 0.18402862548828125, 0.885798454284668, 0.7016564607620239, 0.7658071517944336, 0.6199371814727783, 0.744898796081543, 0.14684301614761353, 0.05076831579208374, 0.07020306587219238, 0.566604733467102, 0.8221422433853149, 0.09150326251983643, 0.2390751838684082, 0.02224600315093994]"
4,1934931,"[0.23862099647521973, 0.8030826449394226, 0.8037538528442383, 0.2600296139717102, 0.9900434017181396, 0.9925691485404968, 0.26410114765167236, 0.3215672969818115, 0.4729216694831848, 0.025478720664978027, 0.9299986362457275, 0.5074217915534973, 0.8023346662521362, 0.8453198671340942, 0.6610028743743896, 0.2196940779685974, 0.15444880723953247, 0.17100566625595093, 0.24545419216156006, 0.13595741987228394, 0.4646223187446594, 0.27938127517700195, 0.4385356903076172, 0.8004860877990723, 0.14580607414245605, 0.25916510820388794, 0.31651729345321655, 0.16253846883773804, 0.19496184587478638, 0.9699655771255493]"
5,4970411,"[0.2672165632247925, 0.9516333937644958, 0.7526561617851257, 0.2344834804534912, 0.15897631645202637, 0.08305323123931885, 0.9568192958831787, 0.5849260687828064, 0.7906490564346313, 0.6983111500740051, 0.2378401756286621, 0.47768402099609375, 0.4910678267478943, 0.6938090324401855, 0.8510959148406982, 0.18500053882598877, 0.923784077167511, 0.1552695631980896, 0.1334373950958252, 0.22065293788909912, 0.050069570541381836, 0.3809852600097656, 0.221507728099823, 0.016256332397460938, 0.5201672315597534, 0.8945332169532776, 0.5380800366401672, 0.4727622866630554, 0.9188560247421265, 0.42725980281829834]"
6,6980622,"[0.8777933120727539, 0.3164847493171692, 0.08489984273910522, 0.22007203102111816, 0.870421290397644, 0.37073081731796265, 0.7286337614059448, 0.38293564319610596, 0.04290717840194702, 0.8458719849586487, 0.8203862905502319, 0.42927730083465576, 0.18121576309204102, 0.3390299081802368, 0.9431633353233337, 0.9635820388793945, 0.47262847423553467, 0.5493327379226685, 0.29352909326553345, 0.8141306042671204, 0.3611730933189392, 0.11694908142089844, 0.3043656349182129, 0.9450317025184631, 0.3327917456626892, 0.0466577410697937, 0.37774139642715454, 0.6999867558479309, 0.09158521890640259, 0.5688507556915283]"
7,9466892,"[0.6325893998146057, 0.6518424153327942, 0.8590731620788574, 0.952388346195221, 0.6285983920097351, 0.1413164734840393, 0.029267072677612305, 0.7950217723846436, 0.6819207668304443, 0.731296718120575, 0.16853809356689453, 0.7438353896141052, 0.03978961706161499, 0.4003955125808716, 0.3952696919441223, 0.8538447022438049, 0.20670795440673828, 0.17168885469436646, 0.2577434778213501, 0.10054850578308105, 0.9263852834701538, 0.8921253085136414, 0.9251775145530701, 0.1623339056968689, 0.5527825355529785, 0.42011165618896484, 0.021005213260650635, 0.6731744408607483, 0.4703502655029297, 0.5821982026100159]"
8,9522502,"[0.6859874129295349, 0.6041820645332336, 0.8153750896453857, 0.7545320391654968, 0.6677014827728271, 0.7355300784111023, 0.5676373243331909, 0.6857362985610962, 0.441398024559021, 0.5253727436065674, 0.5955377817153931, 0.1321207880973816, 0.04341435432434082, 0.3266669511795044, 0.45199596881866455, 0.8701879382133484, 0.5644260048866272, 0.7682182788848877, 0.6416134238243103, 0.9278311133384705, 0.009130299091339111, 0.9049704074859619, 0.7322933077812195, 0.5037335157394409, 0.8871033191680908, 0.46131837368011475, 0.6529995203018188, 0.09001773595809937, 0.16350966691970825, 0.33136773109436035]"
9,9567382,"[0.028668999671936035, 0.054863035678863525, 0.8756155371665955, 0.7524712085723877, 0.27104634046554565, 0.5578188896179199, 0.7043383717536926, 0.11313360929489136, 0.19108450412750244, 0.45911484956741333, 0.3825794458389282, 0.48287492990493774, 0.5476235747337341, 0.6172283291816711, 0.12750232219696045, 0.7168256044387817, 0.8549782037734985, 0.7540421485900879, 0.9320715069770813, 0.36987197399139404, 0.3453904390335083, 0.9552043080329895, 0.6928103566169739, 0.24927061796188354, 0.4811548590660095, 0.8788350820541382, 0.19223427772521973, 0.9650266766548157, 0.399233877658844, 0.8551667928695679]"
10,11716022,"[0.9626482129096985, 0.1666504144668579, 0.47265058755874634, 0.2148960828781128, 0.0311548113822937, 0.7791717052459717, 0.7433412671089172, 0.8557385802268982, 0.7003189921379089, 0.5758605003356934, 0.5792471170425415, 0.5338029265403748, 0.9834036231040955, 0.22973847389221191, 0.720125138759613, 0.6284747123718262, 0.2409384846687317, 0.5313810110092163, 0.37948811054229736, 0.5847219824790955, 0.39861804246902466, 0.12192106246948242, 0.7715604901313782, 0.914595365524292, 0.9008540511131287, 0.22447776794433594, 0.7604856491088867, 0.8208269476890564, 0.046285033226013184, 0.520962655544281]"
11,11966392,"[0.6622499823570251, 0.36183279752731323, 0.9367083311080933, 0.454293429851532, 0.8231900930404663, 0.07049757242202759, 0.06296992301940918, 0.07648295164108276, 0.26883888244628906, 0.6337937116622925, 0.4102996587753296, 0.24479585886001587, 0.19727939367294312, 0.676460325717926, 0.15204685926437378, 0.08388584852218628, 0.3312177062034607, 0.05765873193740845, 0.7131480574607849, 0.5591703057289124, 0.23009884357452393, 0.047469377517700195, 0.732495903968811, 0.2658272981643677, 0.2534419894218445, 0.46116793155670166, 0.08034688234329224, 0.3820887804031372, 0.33752530813217163, 0.9830463528633118]"
12,14048781,"[0.6073979139328003, 0.48938417434692383, 0.8299924731254578, 0.48755425214767456, 0.9928787350654602, 0.4524551033973694, 0.5114216804504395, 0.5214148163795471, 0.7402361035346985, 0.47918200492858887, 0.4590314030647278, 0.5491793751716614, 0.37957775592803955, 0.6564780473709106, 0.7201679944992065, 0.2714557647705078, 0.03595083951950073, 0.10165303945541382, 0.18598347902297974, 0.8413094878196716, 0.12038522958755493, 0.46724218130111694, 0.7553859949111938, 0.48857760429382324, 0.00872957706451416, 0.2337382435798645, 0.0242193341255188, 0.554455041885376, 0.7429360151290894, 0.10389196872711182]"
13,14208586,"[0.8321077823638916, 0.3720073103904724, 0.5969986319541931, 0.3837805390357971, 0.7082467079162598, 0.361103355884552, 0.590549886226654, 0.5569763779640198, 0.7861810326576233, 0.6280118227005005, 0.01886606216430664, 0.2820671796798706, 0.8172163963317871, 0.3730587363243103, 0.687023401260376, 0.5527785420417786, 0.9501326680183411, 0.8693577647209167, 0.8160909414291382, 0.2226715087890625, 0.1585710644721985, 0.3883213996887207, 0.3658396601676941, 0.8190966248512268, 0.3197801113128662, 0.15467309951782227, 0.2216007113456726, 0.6875206828117371, 0.4245010018348694, 0.08898895978927612]"
14,14853523,"[0.48238879442214966, 0.12885844707489014, 0.15826082229614258, 0.7422106862068176, 0.5240318179130554, 0.531085729598999, 0.6335536241531372, 0.9721848964691162, 0.3444162607192993, 0.6154693365097046, 0.24915564060211182, 0.7762773633003235, 0.0801311731338501, 0.7158836126327515, 0.8052501678466797, 0.5127776861190796, 0.12670636177062988, 0.47502368688583374, 0.17828166484832764, 0.8058393597602844, 0.625618577003479, 0.616331160068512, 0.7574670910835266, 0.8472021222114563, 0.9988475441932678, 0.7135136723518372, 0.9916266798973083, 0.7255954742431641, 0.6044107675552368, 0.530781090259552]"
15,15416541,"[0.973754346370697, 0.780957043170929, 0.9838144183158875, 0.2692177891731262, 0.4883667826652527, 0.3771857023239136, 0.6610329747200012, 0.41426438093185425, 0.39365440607070923, 0.46347373723983765, 0.8212456107139587, 0.05140554904937744, 0.8121818900108337, 0.31515777111053467, 0.3444914221763611, 0.7893056273460388, 0.219646155834198, 0.6596173644065857, 0.28329843282699585, 0.833486795425415, 0.8232586979866028, 0.8403685688972473, 0.5396044850349426, 0.7878047823905945, 0.9715418815612793, 0.5004000067710876, 0.2358303666114807, 0.7980995178222656, 0.6796555519104004, 0.7204495072364807]"
16,15617333,"[0.810570478439331, 0.1476907730102539, 0.8491078615188599, 0.7479551434516907, 0.5698785185813904, 0.30587655305862427, 0.02634984254837036, 0.028923749923706055, 0.6734009981155396, 0.715826153755188, 0.7226443290710449, 0.8872479796409607, 0.023529052734375, 0.9692990779876709, 0.7087298631668091, 0.28921252489089966, 0.7797601819038391, 0.16997402906417847, 0.2747144103050232, 0.2515907287597656, 0.7684900164604187, 0.902836263179779, 0.5965124368667603, 0.011313676834106445, 0.44607943296432495, 0.1208113431930542, 0.7780201435089111, 0.8308416604995728, 0.9760007262229919, 0.5592954158782959]"
17,15982861,"[0.6037370562553406, 0.468875527381897, 0.5162574648857117, 0.5707871913909912, 0.13450652360916138, 0.11582088470458984, 0.6102953553199768, 0.2003830075263977, 0.648938000202179, 0.7668631076812744, 0.40890806913375854, 0.9893325567245483, 0.4691082835197449, 0.33747535943984985, 0.48007190227508545, 0.10728025436401367, 0.22050869464874268, 0.8620832562446594, 0.29199397563934326, 0.09672331809997559, 0.45363593101501465, 0.8526429533958435, 0.9692409038543701, 0.8950203061103821, 0.48937422037124634, 0.06211137771606445, 0.11456310749053955, 0.6801121830940247, 0.5311090350151062, 0.7179582715034485]"
18,16334480,"[0.16921508312225342, 0.3984377384185791, 0.5962927937507629, 0.4161384701728821, 0.5676934123039246, 0.9851821660995483, 0.3556620478630066, 0.8605898022651672, 0.7768386006355286, 0.2313784956932068, 0.7027500867843628, 0.7914590239524841, 0.22367799282073975, 0.48739153146743774, 0.6169417500495911, 0.14282745122909546, 0.5291568040847778, 0.07291793823242188, 0.6826543807983398, 0.12705016136169434, 0.9333074688911438, 0.12872576713562012, 0.9483208060264587, 0.47732681035995483, 0.5241185426712036, 0.6267703771591187, 0.808943510055542, 0.004971683025360107, 0.6412712931632996, 0.15639370679855347]"
19,16337999,"[0.8679044246673584, 0.7573513984680176, 0.46510428190231323, 0.1920982003211975, 0.6676512360572815, 0.4627828598022461, 0.21933168172836304, 0.8329217433929443, 0.16386783123016357, 0.35634005069732666, 0.009921491146087646, 0.7586291432380676, 0.8540201783180237, 0.8500332236289978, 0.999567449092865, 0.974059522151947, 0.37605440616607666, 0.8048266172409058, 0.11804705858230591, 0.550021231174469, 0.43949073553085327, 0.6102146506309509, 0.31054824590682983, 0.9776709675788879, 0.9070000648498535, 0.18328332901000977, 0.2924003005027771, 0.7308220267295837, 0.8773471117019653, 0.8685402274131775]"
20,16426463,"[0.33048349618911743, 0.573786199092865, 0.5213499665260315, 0.8656511902809143, 0.901907205581665, 0.02061563730239868, 0.03261518478393555, 0.25751763582229614, 0.9942260980606079, 0.7043201327323914, 0.7072132229804993, 0.9748645424842834, 0.8763020038604736, 0.48523473739624023, 0.9572433233261108, 0.8303828239440918, 0.37783634662628174, 0.9790446758270264, 0.7177091240882874, 0.7043204307556152, 0.20921164751052856, 0.44007277488708496, 0.7509677410125732, 0.9753862023353577, 0.20655137300491333, 0.6961520910263062, 0.5327546000480652, 0.38268107175827026, 0.6790595054626465, 0.9822695255279541]"
21,16615594,"[0.3708726763725281, 0.34143584966659546, 0.9079607129096985, 0.8566880226135254, 0.3475494980812073, 0.9023138880729675, 0.6248881816864014, 0.6596287488937378, 0.8130144476890564, 0.7552231550216675, 0.18619203567504883, 0.35893136262893677, 0.5756209492683411, 0.3343163728713989, 0.41221141815185547, 0.7287940979003906, 0.657256543636322, 0.890976071357727, 0.9681997895240784, 0.8962894082069397, 0.8029972910881042, 0.9944664239883423, 0.6999408006668091, 0.6815399527549744, 0.9514639377593994, 0.492034375667572, 0.10756492614746094, 0.17740678787231445, 0.6013709902763367, 0.9184360504150391]"
22,17164959,"[0.06566077470779419, 0.4661030173301697, 0.7702056169509888, 0.04512643814086914, 0.5431731939315796, 0.7118709087371826, 0.9062117338180542, 0.524864137172699, 0.9241712093353271, 0.39094406366348267, 0.3549518585205078, 0.33773285150527954, 0.5201771259307861, 0.8694294691085815, 0.22455841302871704, 0.05742371082305908, 0.2889082431793213, 0.5645931363105774, 0.15615183115005493, 0.5546240210533142, 0.21307629346847534, 0.9187263250350952, 0.7207083106040955, 0.38247817754745483, 0.9025547504425049, 0.2660348415374756, 0.8598120212554932, 0.7933925986289978, 0.05827099084854126, 0.8246732354164124]"
23,17542265,"[0.16208893060684204, 0.36382436752319336, 0.5314283967018127, 0.26750558614730835, 0.2989303469657898, 0.12482917308807373, 0.27136921882629395, 0.10634863376617432, 0.5550647974014282, 0.1650366187095642, 0.9814814925193787, 0.590538501739502, 0.46819984912872314, 0.18324625492095947, 0.1485256552696228, 0.5959736704826355, 0.11967211961746216, 0.9027931094169617, 0.43043237924575806, 0.32635509967803955, 0.9448818564414978, 0.39567267894744873, 0.11877220869064331, 0.6913247108459473, 0.22861069440841675, 0.4703497886657715, 0.8109117150306702, 0.04283386468887329, 0.25538480281829834, 0.9234137535095215]"
24,17593806,"[0.2845105528831482, 0.7537649273872375, 0.4922693967819214, 0.7321388125419617, 0.7303917407989502, 0.30092525482177734, 0.29023081064224243, 0.12265944480895996, 0.7034615278244019, 0.9794710874557495, 0.2883225679397583, 0.2925621271133423, 0.2619762420654297, 0.7671964764595032, 0.455160915851593, 0.4743296504020691, 0.04046529531478882, 0.11005651950836182, 0.9746881127357483, 0.033126771450042725, 0.8553321957588196, 0.4463955760002136, 0.34087127447128296, 0.9655918478965759, 0.4990643262863159, 0.6283376812934875, 0.883497416973114, 0.39199548959732056, 0.021248221397399902, 0.7185221314430237]"
25,17626165,"[0.8719977736473083, 0.06127876043319702, 0.9193825125694275, 0.6576963067054749, 0.05168980360031128, 0.238267183303833, 0.2662663459777832, 0.39828985929489136, 0.7729268670082092, 0.808525025844574, 0.8578932285308838, 0.31880468130111694, 0.4408224821090698, 0.6105586290359497, 0.22623419761657715, 0.5276539325714111, 0.12591910362243652, 0.6146740913391113, 0.3741469979286194, 0.29607683420181274, 0.8309803605079651, 0.01751631498336792, 0.7218563556671143, 0.6313392519950867, 0.2512103319168091, 0.8392972946166992, 0.3318350315093994, 0.9566943645477295, 0.6280824542045593, 0.2690134048461914]"
26,18038429,"[0.4080045819282532, 0.4966592788696289, 0.2909746766090393, 0.31912070512771606, 0.9708359837532043, 0.5843862891197205, 0.47905784845352173, 0.9133486747741699, 0.7235502004623413, 0.2586985230445862, 0.6380588412284851, 0.7418496012687683, 0.5713781118392944, 0.7338480353355408, 0.7195982933044434, 0.06003636121749878, 0.188951313495636, 0.4078044295310974, 0.6276047825813293, 0.8170268535614014, 0.6113531589508057, 0.3134384751319885, 0.812987208366394, 0.2730558514595032, 0.8047930598258972, 0.32388997077941895, 0.17618286609649658, 0.7880578637123108, 0.47236359119415283, 0.6703703999519348]"
27,18713552,"[0.09698784351348877, 0.44642776250839233, 0.8673084378242493, 0.9249935746192932, 0.35071712732315063, 0.8939411044120789, 0.871447741985321, 0.7970803380012512, 0.7963855862617493, 0.41588109731674194, 0.6793442368507385, 0.6959630250930786, 0.8564133644104004, 0.8494521379470825, 0.3697860836982727, 0.5228137373924255, 0.6027763485908508, 0.13093972206115723, 0.7398440837860107, 0.6116565465927124, 0.10199904441833496, 0.9122960567474365, 0.4545009136199951, 0.7837111949920654, 0.04716402292251587, 0.8762699365615845, 0.9255737662315369, 0.19238382577896118, 0.3660714626312256, 0.9083242416381836]"
28,19136776,"[0.9632743000984192, 0.4486897587776184, 0.24217015504837036, 0.1932331919670105, 0.015288949012756348, 0.5766822099685669, 0.3848896622657776, 0.5849186182022095, 0.42577600479125977, 0.27901095151901245, 0.5276520848274231, 0.8294734954833984, 0.47455549240112305, 0.4461246728897095, 0.43157172203063965, 0.8394038677215576, 0.8858010768890381, 0.30357998609542847, 0.08208435773849487, 0.8166307210922241, 0.4474836587905884, 0.5783464908599854, 0.20702528953552246, 0.7923170328140259, 0.6467061042785645, 0.6413692235946655, 0.8529963493347168, 0.5622374415397644, 0.16777795553207397, 0.7247797250747681]"
29,19445829,"[0.1792176365852356, 0.5685555338859558, 0.8883727192878723, 0.45787274837493896, 0.6200225949287415, 0.13639771938323975, 0.03212881088256836, 0.205396831035614, 0.2009512186050415, 0.8273380398750305, 0.9086111187934875, 0.791917622089386, 0.5612404346466064, 0.6559582352638245, 0.920379102230072, 0.33892005681991577, 0.35254162549972534, 0.2730101943016052, 0.5380041599273682, 0.4353461265563965, 0.9046065211296082, 0.8795996904373169, 0.009340822696685791, 0.023204922676086426, 0.3613644242286682, 0.46782761812210083, 0.6532189249992371, 0.20147693157196045, 0.8150546550750732, 0.8233983516693115]"
30,19651092,"[0.9703390598297119, 0.3438531160354614, 0.15688055753707886, 0.044676125049591064, 0.8286177515983582, 0.3223472833633423, 0.042849719524383545, 0.3915889859199524, 0.8689387440681458, 0.9334423542022705, 0.23879504203796387, 0.4818105697631836, 0.3723872900009155, 0.4485785961151123, 0.09080004692077637, 0.7876160740852356, 0.9751661419868469, 0.16895413398742676, 0.9763535857200623, 0.06470984220504761, 0.657360851764679, 0.3117145895957947, 0.3334210515022278, 0.014507055282592773, 0.5533169507980347, 0.8718710541725159, 0.46215391159057617, 0.2300957441329956, 0.33637136220932007, 0.8556466698646545]"
31,19879777,"[0.8714643716812134, 0.6904368996620178, 0.3185995817184448, 0.6474578380584717, 0.717658519744873, 0.506708025932312, 0.5977561473846436, 0.5483880639076233, 0.7311449646949768, 0.3233354687690735, 0.3364182710647583, 0.4203469157218933, 0.2619556188583374, 0.46740537881851196, 0.2810389995574951, 0.5346270799636841, 0.8912745118141174, 0.38551270961761475, 0.7159132361412048, 0.7400768995285034, 0.14767050743103027, 0.6472406387329102, 0.8396149277687073, 0.5246756672859192, 0.7421340346336365, 0.4979404807090759, 0.2348232865333557, 0.39468103647232056, 0.9969260692596436, 0.8934652805328369]"
32,19979031,"[0.06828415393829346, 0.36510980129241943, 0.9733157157897949, 0.1175726056098938, 0.9842265248298645, 0.20865285396575928, 0.14320188760757446, 0.19501054286956787, 0.7344669103622437, 0.1436576247215271, 0.13874852657318115, 0.44841694831848145, 0.18485897779464722, 0.8049763441085815, 0.6279040575027466, 0.31179893016815186, 0.28841632604599, 0.0113525390625, 0.46982383728027344, 0.34644782543182373, 0.2697981595993042, 0.2895464301109314, 0.5596895813941956, 0.5471720099449158, 0.14165735244750977, 0.3954469561576843, 0.8925207853317261, 0.31525033712387085, 0.2543683648109436, 0.6096758842468262]"
33,20709918,"[0.9724904894828796, 0.6930374503135681, 0.48407143354415894, 0.17631256580352783, 0.08576107025146484, 0.056921541690826416, 0.7043063044548035, 0.0203244686126709, 0.02011120319366455, 0.7487595081329346, 0.5488841533660889, 0.11401408910751343, 0.4194756746292114, 0.18340402841567993, 0.05753529071807861, 0.6020951271057129, 0.007718145847320557, 0.6899594664573669, 0.11328721046447754, 0.7659060955047607, 0.8270606398582458, 0.15662336349487305, 0.015306711196899414, 0.13964736461639404, 0.2985108494758606, 0.42665308713912964, 0.4632588028907776, 0.9342867732048035, 0.9158028364181519, 0.04739624261856079]"
34,20745573,"[0.004365980625152588, 0.5645007491111755, 0.6150995492935181, 0.09391993284225464, 0.44170135259628296, 0.39356011152267456, 0.884859561920166, 0.7109270095825195, 0.3143431544303894, 0.06172114610671997, 0.0374302864074707, 0.3987703323364258, 0.627315878868103, 0.3810674548149109, 0.39948713779449463, 0.4738585948944092, 0.4059169888496399, 0.508723258972168, 0.3268842101097107, 0.4897124171257019, 0.3500761389732361, 0.06377619504928589, 0.7397300601005554, 0.16774624586105347, 0.6072966456413269, 0.5642310976982117, 0.2775889039039612, 0.09620314836502075, 0.4423440098762512, 0.3821669816970825]"
35,20869604,"[0.3960292339324951, 0.4076952338218689, 0.3395615816116333, 0.18282616138458252, 0.3064002990722656, 0.9455337524414062, 0.16634029150009155, 0.5572543740272522, 0.42556899785995483, 0.8942365050315857, 0.43569469451904297, 0.18771344423294067, 0.3299245834350586, 0.45568370819091797, 0.23768526315689087, 0.7017683982849121, 0.3703799247741699, 0.38435572385787964, 0.5546430349349976, 0.9737670421600342, 0.5052886605262756, 0.25185614824295044, 0.9570093154907227, 0.19440031051635742, 0.2556944489479065, 0.556425929069519, 0.29521721601486206, 0.5828644037246704, 0.23859268426895142, 0.935161292552948]"
36,20878069,"[0.2923343777656555, 0.38350242376327515, 0.21044927835464478, 0.897010087966919, 0.9195379018783569, 0.30420345067977905, 0.22202825546264648, 0.9118598103523254, 0.9222843647003174, 0.5630210638046265, 0.6569629311561584, 0.19072121381759644, 0.4273083806037903, 0.5578567981719971, 0.304080605506897, 0.16065436601638794, 0.840910017490387, 0.5031793713569641, 0.6615404486656189, 0.6738014817237854, 0.9713051915168762, 0.21695417165756226, 0.6252627372741699, 0.10474604368209839, 0.5324840545654297, 0.44919681549072266, 0.8045011758804321, 0.3977090120315552, 0.0022935867309570312, 0.6636916995048523]"
37,21352313,"[0.6840975880622864, 0.248587965965271, 0.8053659200668335, 0.7549346685409546, 0.356393039226532, 0.09585952758789062, 0.8486015796661377, 0.33492380380630493, 0.5829532146453857, 0.8952950835227966, 0.24954921007156372, 0.65900057554245, 0.7875124216079712, 0.1682758927345276, 0.15977180004119873, 0.5310582518577576, 0.3320145010948181, 0.6810072660446167, 0.47376763820648193, 0.4094095826148987, 0.18067854642868042, 0.018952786922454834, 0.3976202607154846, 0.3568150997161865, 0.30809569358825684, 0.468136727809906, 0.2122778296470642, 0.5335186719894409, 0.22252434492111206, 0.7574092745780945]"
38,21478415,"[0.3799595832824707, 0.8026909828186035, 0.03554952144622803, 0.3522953987121582, 0.4923288822174072, 0.2858290672302246, 0.5133085250854492, 0.5025137662887573, 0.7209899425506592, 0.3135443925857544, 0.6250720024108887, 0.5549107193946838, 0.5833443403244019, 0.8994796276092529, 0.4844461679458618, 0.3360961675643921, 0.7008438110351562, 0.5183565020561218, 0.48038333654403687, 0.9308883547782898, 0.552861750125885, 0.5175383687019348, 0.3610716462135315, 0.696122944355011, 0.563446044921875, 0.13504022359848022, 0.6286112070083618, 0.889582633972168, 0.7012730240821838, 0.7573122978210449]"
39,21606814,"[0.9225556254386902, 0.5555933117866516, 0.1926414966583252, 0.34405839443206787, 0.08220267295837402, 0.16414672136306763, 0.7900679111480713, 0.057071566581726074, 0.3241673707962036, 0.3072618842124939, 0.006615579128265381, 0.6683520078659058, 0.34332358837127686, 0.04023069143295288, 0.38916271924972534, 0.773281455039978, 0.28765934705734253, 0.0008425116539001465, 0.9826565384864807, 0.975188672542572, 0.4652809500694275, 0.8420786261558533, 0.15059441328048706, 0.607580840587616, 0.8334667086601257, 0.886934220790863, 0.21333646774291992, 0.050915300846099854, 0.4028710126876831, 0.6214856505393982]"
40,21985529,"[0.2376788854598999, 0.6999595165252686, 0.8078346848487854, 0.5221299529075623, 0.348224937915802, 0.295859694480896, 0.19620776176452637, 0.598585844039917, 0.5664851665496826, 0.9722464084625244, 0.7515841722488403, 0.9484155774116516, 0.47127747535705566, 0.08760589361190796, 0.14306938648223877, 0.9146275520324707, 0.22123652696609497, 0.42651402950286865, 0.2658964991569519, 0.30382728576660156, 0.802067220211029, 0.657362163066864, 0.3450697064399719, 0.15827220678329468, 0.006026566028594971, 0.4852789044380188, 0.11575925350189209, 0.8229668736457825, 0.5465284585952759, 0.08179908990859985]"
41,22311606,"[0.16811072826385498, 0.9795311093330383, 0.1532301902770996, 0.8250334858894348, 0.5280972123146057, 0.2985309362411499, 0.7447733879089355, 0.8094761967658997, 0.25478386878967285, 0.8654221296310425, 0.2219124436378479, 0.2446247935295105, 0.09319579601287842, 0.4613202214241028, 0.48886770009994507, 0.019626319408416748, 0.7496994733810425, 0.21314269304275513, 0.23250770568847656, 0.8730415105819702, 0.8175757527351379, 0.25709354877471924, 0.30878329277038574, 0.3323768377304077, 0.4216107726097107, 0.34126049280166626, 0.5281367301940918, 0.3321455121040344, 0.4952281713485718, 0.5659030675888062]"
42,22394806,"[0.5492645502090454, 0.36846572160720825, 0.3066481351852417, 0.12484520673751831, 0.2639082074165344, 0.748308002948761, 0.13556236028671265, 0.05949920415878296, 0.015618860721588135, 0.28736358880996704, 0.51775723695755, 0.32657426595687866, 0.9709916710853577, 0.6184068918228149, 0.3383524417877197, 0.8744412064552307, 0.500019371509552, 0.6527438759803772, 0.4731091260910034, 0.6164079904556274, 0.7826296091079712, 0.009125709533691406, 0.25637632608413696, 0.22854727506637573, 0.8481789231300354, 0.7645828723907471, 0.0812196135520935, 0.5665729641914368, 0.8703603148460388, 0.4561421275138855]"
43,22985183,"[0.8470451831817627, 0.07815080881118774, 0.7413350939750671, 0.13703471422195435, 0.4223231077194214, 0.8143307566642761, 0.06260836124420166, 0.9738271832466125, 0.8698808550834656, 0.6978999972343445, 0.3690232038497925, 0.7869294881820679, 0.8769439458847046, 0.5144268274307251, 0.7816702127456665, 0.2915211319923401, 0.5190414190292358, 0.1563703417778015, 0.8885851502418518, 0.7421118021011353, 0.23035526275634766, 0.09425395727157593, 0.14389288425445557, 0.39914119243621826, 0.14449220895767212, 0.8904222846031189, 0.41026967763900757, 0.6421190500259399, 0.6978944540023804, 0.487653911113739]"
44,23244977,"[0.17917460203170776, 0.2317906618118286, 0.21301299333572388, 0.09734165668487549, 0.8828575015068054, 0.2888331413269043, 0.1987127661705017, 0.06584787368774414, 0.7677667737007141, 0.7932001948356628, 0.09849011898040771, 0.4586864709854126, 0.6092305183410645, 0.8879697322845459, 0.6251978874206543, 0.5734802484512329, 0.9040533900260925, 0.06453090906143188, 0.8156403303146362, 0.3110195994377136, 0.07997548580169678, 0.6921784281730652, 0.15224063396453857, 0.34378302097320557, 0.7319892048835754, 0.03258770704269409, 0.5226379036903381, 0.044278860092163086, 0.8918629288673401, 0.619287371635437]"
45,24346245,"[0.49774837493896484, 0.7384750247001648, 0.46544134616851807, 0.7747332453727722, 0.6926038861274719, 0.29457730054855347, 0.568430483341217, 0.5850780010223389, 0.6042081713676453, 0.7668079137802124, 0.3576623797416687, 0.37708979845046997, 0.8082160353660583, 0.7477173805236816, 0.26100820302963257, 0.33164072036743164, 0.8821458220481873, 0.7842670679092407, 0.501162588596344, 0.11732184886932373, 0.7512651681900024, 0.5641358494758606, 0.11688154935836792, 0.45094114542007446, 0.13399004936218262, 0.9047524929046631, 0.48610353469848633, 0.15130597352981567, 0.7971112728118896, 0.06710833311080933]"
46,24405517,"[0.5049262642860413, 0.20771104097366333, 0.18849903345108032, 0.09122329950332642, 0.8138052821159363, 0.5910875797271729, 0.7300198674201965, 0.26123201847076416, 0.3026583194732666, 0.481237530708313, 0.7483697533607483, 0.38838303089141846, 0.9480888247489929, 0.8429868817329407, 0.5310335159301758, 0.6626812219619751, 0.7839468717575073, 0.5146527290344238, 0.7979192137718201, 0.7152088284492493, 0.024517595767974854, 0.6527388691902161, 0.7105967402458191, 0.5206148624420166, 0.9599751234054565, 0.02256333827972412, 0.7804358005523682, 0.021855056285858154, 0.06388473510742188, 0.040483176708221436]"
47,26281924,"[0.017918407917022705, 0.6522302031517029, 0.9554239511489868, 0.3376322388648987, 0.9609561562538147, 0.36212068796157837, 0.17828792333602905, 0.9834417104721069, 0.936499834060669, 0.09149491786956787, 0.08055174350738525, 0.0012784004211425781, 0.5216642618179321, 0.08991384506225586, 0.04066479206085205, 0.933128833770752, 0.5567720532417297, 0.9060037136077881, 0.15743792057037354, 0.30651742219924927, 0.5336823463439941, 0.2637946605682373, 0.42679929733276367, 0.19200074672698975, 0.9596173167228699, 0.1894250512123108, 0.42719870805740356, 0.16528165340423584, 0.7838424444198608, 0.7333678603172302]"
48,26686282,"[0.6512270569801331, 0.17327111959457397, 0.8205945491790771, 0.5152592062950134, 0.27760952711105347, 0.9820500612258911, 0.15546518564224243, 0.14061689376831055, 0.18773001432418823, 0.4711938500404358, 0.09947091341018677, 0.5342826247215271, 0.11683821678161621, 0.9323439002037048, 0.3026915192604065, 0.7094934582710266, 0.22028470039367676, 0.2755435109138489, 0.26978933811187744, 0.9516187906265259, 0.9941921234130859, 0.9199694991111755, 0.8519881963729858, 0.9619092345237732, 0.47588664293289185, 0.6002499461174011, 0.5093384981155396, 0.9168568253517151, 0.5610516667366028, 0.6285762190818787]"
49,27761892,"[0.8363224864006042, 0.5023231506347656, 0.8959733843803406, 0.7626950144767761, 0.8193849325180054, 0.45176172256469727, 0.1760755181312561, 0.7285159230232239, 0.13003534078598022, 0.7478581666946411, 0.9057706594467163, 0.514600932598114, 0.31132686138153076, 0.3483297824859619, 0.7476305365562439, 0.42709559202194214, 0.33609211444854736, 0.8682535886764526, 0.9401674270629883, 0.9265074729919434, 0.2799520492553711, 0.9233134388923645, 0.4387786388397217, 0.9503400325775146, 0.22109824419021606, 0.31446707248687744, 0.6534566283226013, 0.6392346024513245, 0.24934929609298706, 0.722205400466919]"
50,28123638,"[0.760389506816864, 0.695027768611908, 0.6569318771362305, 0.09708267450332642, 0.005855977535247803, 0.9000479578971863, 0.9932664632797241, 0.7141105532646179, 0.3257916569709778, 0.8586822152137756, 0.8885756731033325, 0.48753422498703003, 0.055017828941345215, 0.6114881634712219, 0.6707881689071655, 0.9366125464439392, 0.7024747133255005, 0.10033982992172241, 0.6707776784896851, 0.13307934999465942, 0.8701469302177429, 0.5951032042503357, 0.044827044010162354, 0.19612306356430054, 0.28048235177993774, 0.28699129819869995, 0.9849140048027039, 0.9819674491882324, 0.5117284655570984, 0.4737410545349121]"
51,28785486,"[0.714560329914093, 0.7623758912086487, 0.8318453431129456, 0.2819807529449463, 0.45586222410202026, 0.9027395844459534, 0.0024517178535461426, 0.637548565864563, 0.5224573016166687, 0.5622506141662598, 0.08109933137893677, 0.3051730990409851, 0.03588765859603882, 0.7972539067268372, 0.10602414608001709, 0.18939149379730225, 0.4149031639099121, 0.4995589256286621, 0.2204442024230957, 0.2142443060874939, 0.10283535718917847, 0.07346504926681519, 0.47422951459884644, 0.2507336735725403, 0.8358089327812195, 0.7048466205596924, 0.09626466035842896, 0.3520825505256653, 0.4971703290939331, 0.5429487228393555]"
52,29711378,"[0.40913116931915283, 0.06631344556808472, 0.5556268692016602, 0.6698104739189148, 0.6152282953262329, 0.13941669464111328, 0.30711817741394043, 0.2080283761024475, 0.9500800967216492, 0.3393815755844116, 0.6482169032096863, 0.7370772957801819, 0.45041441917419434, 0.007816433906555176, 0.2501065135002136, 0.09181106090545654, 0.8883062601089478, 0.5842515230178833, 0.18326729536056519, 0.5305085182189941, 0.9946251511573792, 0.028543472290039062, 0.14055383205413818, 0.8899816870689392, 0.2004130482673645, 0.5902387499809265, 0.6600614190101624, 0.8735803365707397, 0.5400015115737915, 0.3248923420906067]"
53,29982830,"[0.305511474609375, 0.05799722671508789, 0.0790029764175415, 0.7455419301986694, 0.4444103240966797, 0.1032036542892456, 0.9445105791091919, 0.9132645130157471, 0.6043601632118225, 0.5373042225837708, 0.8420544266700745, 0.44968074560165405, 0.8975400924682617, 0.21049386262893677, 0.24010658264160156, 0.4377672076225281, 0.2811329960823059, 0.5683334469795227, 0.4841243624687195, 0.6433652639389038, 0.7775559425354004, 0.29417848587036133, 0.6077709794044495, 0.4616108536720276, 0.8843912482261658, 0.297604501247406, 0.2878838777542114, 0.24198496341705322, 0.5163439512252808, 0.7652947902679443]"
54,30142034,"[0.7583240270614624, 0.9262205958366394, 0.22832220792770386, 0.8115115165710449, 0.5200582146644592, 0.7506757378578186, 0.25643467903137207, 0.650418758392334, 0.744793713092804, 0.5743376016616821, 0.6535347104072571, 0.6055338382720947, 0.4336840510368347, 0.4230925440788269, 0.44708287715911865, 0.6274946928024292, 0.33221757411956787, 0.4443475604057312, 0.1936606764793396, 0.8542422652244568, 0.7279383540153503, 0.6112800240516663, 0.07377570867538452, 0.520707905292511, 0.49894392490386963, 0.5532991290092468, 0.6560860276222229, 0.9128814339637756, 0.9049010872840881, 0.9098659157752991]"
55,34698808,"[0.997124969959259, 0.25265634059906006, 0.5069370865821838, 0.9989383816719055, 0.41817009449005127, 0.7456360459327698, 0.1773110032081604, 0.8129328489303589, 0.05794328451156616, 0.8589524626731873, 0.8050881028175354, 0.6265270113945007, 0.6013990044593811, 0.943700909614563, 0.9117835164070129, 0.11972355842590332, 0.7460888624191284, 0.3122437000274658, 0.050395309925079346, 0.48400628566741943, 0.9906306862831116, 0.8653350472450256, 0.08781462907791138, 0.09436821937561035, 0.22323232889175415, 0.820221483707428, 0.86128169298172, 0.7824201583862305, 0.8004922866821289, 0.20301538705825806]"
56,35743374,"[0.38440418243408203, 0.477695107460022, 0.04196697473526001, 0.8131610155105591, 0.978617787361145, 0.25705623626708984, 0.47247111797332764, 0.19618064165115356, 0.6902214288711548, 0.702367901802063, 0.6426839232444763, 0.06420832872390747, 0.23159468173980713, 0.46445101499557495, 0.3752565383911133, 0.9496071934700012, 0.6362102031707764, 0.4183700680732727, 0.7690061926841736, 0.840398907661438, 0.37014979124069214, 0.13178539276123047, 0.1952391266822815, 0.4267009496688843, 0.8224282264709473, 0.7217139601707458, 0.3562500476837158, 0.08193141222000122, 0.24164098501205444, 0.5820028185844421]"
57,37048835,"[0.4084152579307556, 0.16531020402908325, 0.34070467948913574, 0.9518973231315613, 0.07597386837005615, 0.23000216484069824, 0.8163006901741028, 0.331970751285553, 0.04809778928756714, 0.713918149471283, 0.7339931130409241, 0.34927672147750854, 0.7617484331130981, 0.1690106987953186, 0.8839025497436523, 0.31896257400512695, 0.6442223191261292, 0.44280093908309937, 0.5789690613746643, 0.8163501024246216, 0.857997715473175, 0.7214627265930176, 0.23226124048233032, 0.3093702793121338, 0.6906360983848572, 0.676018238067627, 0.29591554403305054, 0.757968008518219, 0.047242939472198486, 0.10438168048858643]"
58,37609326,"[0.1147727370262146, 0.2870441675186157, 0.35178762674331665, 0.38344067335128784, 0.7717664241790771, 0.9563753604888916, 0.4282624125480652, 0.7873737812042236, 0.5213817358016968, 0.3961016535758972, 0.8037664294242859, 0.9106882810592651, 0.2294265627861023, 0.3851490616798401, 0.016333341598510742, 0.7264495491981506, 0.2373960018157959, 0.8958830237388611, 0.7060855031013489, 0.704306423664093, 0.09109050035476685, 0.9590993523597717, 0.25152587890625, 0.6098881959915161, 0.14932674169540405, 0.6867409944534302, 0.34243494272232056, 0.27300190925598145, 0.5731430649757385, 0.7860716581344604]"
59,38469445,"[0.4882659316062927, 0.7287324666976929, 0.4418538212776184, 0.17178970575332642, 0.34161150455474854, 0.18971437215805054, 0.9786680936813354, 0.5441506505012512, 0.8436099886894226, 0.6939429640769958, 0.2730586528778076, 0.81832355260849, 0.3489825129508972, 0.6544088125228882, 0.036024272441864014, 0.21881556510925293, 0.3844982981681824, 0.524516224861145, 0.8878100514411926, 0.20312446355819702, 0.9408226609230042, 0.4151005744934082, 0.3378925323486328, 0.1848018765449524, 0.7473719120025635, 0.7732774019241333, 0.3719642758369446, 0.012548327445983887, 0.9351884722709656, 0.48165255784988403]"
60,39524835,"[0.08442020416259766, 0.11848968267440796, 0.07694417238235474, 0.0214117169380188, 0.8026455640792847, 0.8072819113731384, 0.5797941088676453, 0.18259459733963013, 0.0837777853012085, 0.035836219787597656, 0.07519108057022095, 0.0386812686920166, 0.3276151418685913, 0.44754093885421753, 0.369140088558197, 0.809693455696106, 0.14651477336883545, 0.3445510268211365, 0.6801006197929382, 0.007930099964141846, 0.43758583068847656, 0.22087764739990234, 0.9060624241828918, 0.9157233834266663, 0.5409791469573975, 0.6417335271835327, 0.5232710838317871, 0.15422940254211426, 0.3124138116836548, 0.35653913021087646]"
61,42411993,"[0.08972412347793579, 0.9607690572738647, 0.7822456359863281, 0.8118842840194702, 0.25075584650039673, 0.16329729557037354, 0.7577441930770874, 0.21329879760742188, 0.2595359683036804, 0.39065420627593994, 0.9784243702888489, 0.5248834490776062, 0.23740065097808838, 0.5083414316177368, 0.42057865858078003, 0.49154067039489746, 0.9255877137184143, 0.31087106466293335, 0.5981258749961853, 0.5268657207489014, 0.12056231498718262, 0.3401660919189453, 0.36178213357925415, 0.7843111157417297, 0.7486099600791931, 0.03546762466430664, 0.36150842905044556, 0.47396010160446167, 0.7193073034286499, 0.8544390201568604]"
62,42998320,"[0.25277823209762573, 0.7504907250404358, 0.2826056480407715, 0.7179622650146484, 0.3685738444328308, 0.41501784324645996, 0.9615073800086975, 0.22090643644332886, 0.3787629008293152, 0.7526603937149048, 0.569115936756134, 0.11931300163269043, 0.7881099581718445, 0.42557060718536377, 0.5661749243736267, 0.7289996147155762, 0.14092940092086792, 0.4769367575645447, 0.9279814958572388, 0.8607555627822876, 0.9258325695991516, 0.34262990951538086, 0.629226565361023, 0.28486138582229614, 0.23816901445388794, 0.716399073600769, 0.8793877959251404, 0.4256533980369568, 0.13146460056304932, 0.34454816579818726]"
63,43714489,"[0.9008409976959229, 0.9556015729904175, 0.8583727478981018, 0.9923644661903381, 0.17297989130020142, 0.06403636932373047, 0.06288737058639526, 0.27075326442718506, 0.4974724054336548, 0.38521212339401245, 0.46017783880233765, 0.015042722225189209, 0.16249608993530273, 0.03811103105545044, 0.4344530701637268, 0.3028488755226135, 0.6716380715370178, 0.826349675655365, 0.7209858894348145, 0.9707889556884766, 0.19072234630584717, 0.10048520565032959, 0.19911950826644897, 0.9010539054870605, 0.02811729907989502, 0.792730987071991, 0.6051673293113708, 0.5453914403915405, 0.6740372180938721, 0.49253201484680176]"
64,46127527,"[0.4694672226905823, 0.7107099294662476, 0.9490758776664734, 0.6805731058120728, 0.5039327144622803, 0.4937381148338318, 0.7536150217056274, 0.10634654760360718, 0.26014047861099243, 0.6362127065658569, 0.3177831768989563, 0.5491982698440552, 0.8145121335983276, 0.5365495085716248, 0.22214877605438232, 0.3128783702850342, 0.3484264612197876, 0.4105178117752075, 0.7291663885116577, 0.38783562183380127, 0.3190823793411255, 0.6797010898590088, 0.5384997129440308, 0.8506590127944946, 0.9146261215209961, 0.7477805018424988, 0.1416630744934082, 0.02832949161529541, 0.7096956372261047, 0.16327357292175293]"
65,48510756,"[0.07177263498306274, 0.21334421634674072, 0.061719536781311035, 0.030745506286621094, 0.6220535039901733, 0.12844723463058472, 0.0322650671005249, 0.5307046175003052, 0.7145264148712158, 0.2233605980873108, 0.37431758642196655, 0.5814468264579773, 0.1272982954978943, 0.2265416383743286, 0.812961995601654, 0.4699551463127136, 0.673255443572998, 0.7213336825370789, 0.31001561880111694, 0.5883530378341675, 0.23040306568145752, 0.025196611881256104, 0.6658023595809937, 0.6301516890525818, 0.5612889528274536, 0.9216903448104858, 0.813879668712616, 0.07599806785583496, 0.9036507606506348, 0.7550227046012878]"
66,48641502,"[0.5929918885231018, 0.9363382458686829, 0.6197935938835144, 0.5865209102630615, 0.9444778561592102, 0.810532808303833, 0.029217422008514404, 0.3791956305503845, 0.7523151636123657, 0.40619194507598877, 0.25823885202407837, 0.40805602073669434, 0.1847333312034607, 0.954576313495636, 0.5138919949531555, 0.10637623071670532, 0.8109570145606995, 0.37909525632858276, 0.3420957326889038, 0.008108258247375488, 0.03297150135040283, 0.8221280574798584, 0.348202109336853, 0.16213220357894897, 0.6390265822410583, 0.9336479902267456, 0.598402202129364, 0.40969038009643555, 0.24731284379959106, 0.3033634424209595]"
67,49018161,"[0.9865706562995911, 0.27034103870391846, 0.5411051511764526, 0.8632521033287048, 0.7901142239570618, 0.30039405822753906, 0.2724079489707947, 0.03333938121795654, 0.027855992317199707, 0.1713138222694397, 0.9417271018028259, 0.8581253290176392, 0.6406303644180298, 0.9208248257637024, 0.9937275648117065, 0.994823694229126, 0.19769030809402466, 0.5435179471969604, 0.7879729866981506, 0.9483188390731812, 0.9456279277801514, 0.3293806314468384, 0.8035723567008972, 0.5660579800605774, 0.0683145523071289, 0.6564627885818481, 0.044768452644348145, 0.8006423115730286, 0.30070340633392334, 0.9764263033866882]"
68,49043839,"[0.6589412689208984, 0.8861388564109802, 0.7210725545883179, 0.3319914937019348, 0.8341208100318909, 0.544277548789978, 0.08868205547332764, 0.8406110405921936, 0.6397179961204529, 0.8129109144210815, 0.5112047791481018, 0.7193408012390137, 0.8986878991127014, 0.162772536277771, 0.7046675086021423, 0.691544771194458, 0.5304419994354248, 0.7393531799316406, 0.9510085582733154, 0.16309207677841187, 0.8677919507026672, 0.1434757113456726, 0.4692577123641968, 0.244587242603302, 0.6025748252868652, 0.5267495512962341, 0.7759066224098206, 0.0920984148979187, 0.3390880227088928, 0.07451897859573364]"
69,49125659,"[0.6555821299552917, 0.19290894269943237, 0.057908713817596436, 0.7169930338859558, 0.1747918725013733, 0.76426100730896, 0.8774034380912781, 0.2720452547073364, 0.7346331477165222, 0.0056906938552856445, 0.30011308193206787, 0.44971519708633423, 0.21922814846038818, 0.4422147274017334, 0.12565982341766357, 0.45612263679504395, 0.44605720043182373, 0.6814516186714172, 0.7029053568840027, 0.9948051571846008, 0.7140854001045227, 0.8568387031555176, 0.7531893253326416, 0.42278242111206055, 0.8015722632408142, 0.8194372057914734, 0.9246786236763, 0.5889127254486084, 0.08488255739212036, 0.17767590284347534]"
70,49761640,"[0.7955597639083862, 0.9570611119270325, 0.3281939625740051, 0.09772694110870361, 0.43092596530914307, 0.9813051819801331, 0.16818374395370483, 0.23120957612991333, 0.8152720928192139, 0.34111547470092773, 0.6868762969970703, 0.36644047498703003, 0.13943445682525635, 0.3324238657951355, 0.30368661880493164, 0.20967525243759155, 0.20195895433425903, 0.5820848941802979, 0.006659269332885742, 0.34859955310821533, 0.7266448140144348, 0.5755770802497864, 0.719319760799408, 0.7155782580375671, 0.983755350112915, 0.25277239084243774, 0.7485944628715515, 0.21188759803771973, 0.7319722771644592, 0.9429475665092468]"
71,51195896,"[0.6546230912208557, 0.987410843372345, 0.48219650983810425, 0.0014356374740600586, 0.877805769443512, 0.5133722424507141, 0.8229603171348572, 0.2664664387702942, 0.9351451992988586, 0.03009200096130371, 0.39927029609680176, 0.49931061267852783, 0.8492333889007568, 0.3564035892486572, 0.7715731263160706, 0.7687340974807739, 0.08834540843963623, 0.9535271525382996, 0.002477288246154785, 0.5612989664077759, 0.08218848705291748, 0.7386128306388855, 0.639054000377655, 0.2431046962738037, 0.49719661474227905, 0.05628734827041626, 0.43060439825057983, 0.06903046369552612, 0.778519868850708, 0.4940248727798462]"
72,52881829,"[0.09718406200408936, 0.7091963887214661, 0.780714750289917, 0.26787376403808594, 0.8904357552528381, 0.17696505784988403, 0.9532244205474854, 0.32845228910446167, 0.30460596084594727, 0.7994641065597534, 0.12805354595184326, 0.6149243116378784, 0.9993371367454529, 0.05430203676223755, 0.32533836364746094, 0.584457278251648, 0.6349761486053467, 0.6943460702896118, 0.27051085233688354, 0.4236801862716675, 0.2832833528518677, 0.04389011859893799, 0.5475940704345703, 0.046658217906951904, 0.9247807860374451, 0.2273353934288025, 0.8859187960624695, 0.1407589316368103, 0.6300917863845825, 0.9349962472915649]"
73,54640937,"[0.06998699903488159, 0.37111151218414307, 0.20003652572631836, 0.07555097341537476, 0.7253994941711426, 0.2622836232185364, 0.9705083966255188, 0.4717344641685486, 0.4992905855178833, 0.24998819828033447, 0.16771399974822998, 0.5129680633544922, 0.21884477138519287, 0.4457204341888428, 0.02880096435546875, 0.17257094383239746, 0.3893768787384033, 0.04767721891403198, 0.7927283048629761, 0.1582140326499939, 0.8610958456993103, 0.5760579109191895, 0.4791622757911682, 0.8277300596237183, 0.13976067304611206, 0.7428900599479675, 0.5896140336990356, 0.9993095397949219, 0.8552644848823547, 0.19183576107025146]"
74,57869243,"[0.329082190990448, 0.7251393795013428, 0.6430514454841614, 0.5888760089874268, 0.5488656163215637, 0.2467656135559082, 0.07226693630218506, 0.783069372177124, 0.5518934726715088, 0.9826667308807373, 0.49524253606796265, 0.5202188491821289, 0.873511552810669, 0.9819086790084839, 0.20531529188156128, 0.11016887426376343, 0.42353659868240356, 0.8873374462127686, 0.3911316394805908, 0.11717760562896729, 0.7604352831840515, 0.8716577887535095, 0.22569668292999268, 0.8887894749641418, 0.937950611114502, 0.15363430976867676, 0.07696884870529175, 0.7326088547706604, 0.6955960392951965, 0.6958982944488525]"
75,58769232,"[0.07551586627960205, 0.4811896085739136, 0.26613789796829224, 0.8965393900871277, 0.07509994506835938, 0.2907410264015198, 0.48999810218811035, 0.23033106327056885, 0.8808276653289795, 0.21588730812072754, 0.9168961644172668, 0.4685640335083008, 0.45726877450942993, 0.2539049983024597, 0.8426759243011475, 0.6704505681991577, 0.07845818996429443, 0.5632460117340088, 0.5482666492462158, 0.2765514850616455, 0.7732520699501038, 0.5481733679771423, 0.04237067699432373, 0.03670001029968262, 0.5383484363555908, 0.4493042826652527, 0.48258477449417114, 0.5596030950546265, 0.046297669410705566, 0.20736604928970337]"
76,58894437,"[0.014309465885162354, 0.6317360997200012, 0.3719555139541626, 0.1830539107322693, 0.7129625082015991, 0.861598014831543, 0.2431839108467102, 0.865479588508606, 0.36617588996887207, 0.7480425238609314, 0.9381621479988098, 0.8561717867851257, 0.11260819435119629, 0.8794628977775574, 0.5722172856330872, 0.802919328212738, 0.4265701174736023, 0.9069604277610779, 0.4556114673614502, 0.1852700114250183, 0.14947837591171265, 0.21524947881698608, 0.4584292769432068, 0.44513338804244995, 0.4923185706138611, 0.8099933862686157, 0.2168753743171692, 0.059355318546295166, 0.3590499758720398, 0.10000747442245483]"
77,59214367,"[0.9458222389221191, 0.6138464212417603, 0.4528176188468933, 0.7853376269340515, 0.7403225898742676, 0.24735796451568604, 0.613330066204071, 0.21446090936660767, 0.5342497825622559, 0.23843097686767578, 0.04889935255050659, 0.8991059064865112, 0.7525752186775208, 0.9117612242698669, 0.5528039336204529, 0.16600871086120605, 0.6291303038597107, 0.718192994594574, 0.5598661303520203, 0.6484718918800354, 0.6990199685096741, 0.3325403332710266, 0.9770709276199341, 0.06431812047958374, 0.2606351971626282, 0.7527711987495422, 0.8056533336639404, 0.992455780506134, 0.6913300156593323, 0.8511192798614502]"
78,60472240,"[0.28166115283966064, 0.3586919903755188, 0.159196674823761, 0.11257147789001465, 0.510384738445282, 0.05306285619735718, 0.6061235666275024, 0.8172070384025574, 0.1514819860458374, 0.9597449898719788, 0.33645910024642944, 0.5755375027656555, 0.38133299350738525, 0.5537320971488953, 0.724524736404419, 0.8817141056060791, 0.04600942134857178, 0.031812071800231934, 0.43750613927841187, 0.8454053401947021, 0.9426180124282837, 0.10110759735107422, 0.1534818410873413, 0.2820642590522766, 0.25390148162841797, 0.6905417442321777, 0.30122554302215576, 0.7418272495269775, 0.07694751024246216, 0.4143748879432678]"
79,60828595,"[0.7544493675231934, 0.9199409484863281, 0.5299187898635864, 0.38252174854278564, 0.1735013723373413, 0.24708950519561768, 0.6446622014045715, 0.21203899383544922, 0.6619727611541748, 0.3575770854949951, 0.1474197506904602, 0.2301432490348816, 0.3498843312263489, 0.36843550205230713, 0.49397242069244385, 0.2941836714744568, 0.2134067416191101, 0.8712034821510315, 0.44657325744628906, 0.9088408946990967, 0.32342517375946045, 0.6015389561653137, 0.926796555519104, 0.37327712774276733, 0.091580331325531, 0.2615569829940796, 0.5047595500946045, 0.39671140909194946, 0.2544240951538086, 0.6277937889099121]"
80,61547666,"[0.15867364406585693, 0.33720558881759644, 0.6132447719573975, 0.5426016449928284, 0.1529296636581421, 0.2618430256843567, 0.4346652030944824, 0.975209653377533, 0.4715837240219116, 0.8094044327735901, 0.526914656162262, 0.6333886384963989, 0.8127217888832092, 0.5944381952285767, 0.9587703943252563, 0.6674672961235046, 0.20460736751556396, 0.017287909984588623, 0.8511420488357544, 0.3549947142601013, 0.9391546845436096, 0.7729684114456177, 0.7131651043891907, 0.968085527420044, 0.890508234500885, 0.945730984210968, 0.7418678402900696, 0.7545868158340454, 0.9735567569732666, 0.13866156339645386]"
81,67629556,"[0.5696932077407837, 0.42300474643707275, 0.369751513004303, 0.9583596587181091, 0.3910009264945984, 0.13799697160720825, 0.8382036089897156, 0.35697686672210693, 0.9867803454399109, 0.17749112844467163, 0.25133174657821655, 0.7607535719871521, 0.6581413745880127, 0.1316242814064026, 0.5570623278617859, 0.12628775835037231, 0.06861245632171631, 0.46274256706237793, 0.20867639780044556, 0.33542895317077637, 0.5923816561698914, 0.5123015642166138, 0.09769916534423828, 0.10371983051300049, 0.7783843874931335, 0.16672879457473755, 0.674146294593811, 0.7604362964630127, 0.6238974332809448, 0.7818590402603149]"
82,69209539,"[0.38085734844207764, 0.36676788330078125, 0.8350070118904114, 0.7832942008972168, 0.4378677010536194, 0.3868955969810486, 0.611900269985199, 0.8379539847373962, 0.7342595458030701, 0.1563507318496704, 0.7530003786087036, 0.08114057779312134, 0.8223003149032593, 0.8483269810676575, 0.021346330642700195, 0.44953811168670654, 0.1361178159713745, 0.4732583165168762, 0.021897554397583008, 0.6834343075752258, 0.3845202922821045, 0.7792091965675354, 0.2548176050186157, 0.6219881176948547, 0.8795323967933655, 0.12175881862640381, 0.32064545154571533, 0.39441585540771484, 0.5371158123016357, 0.13556665182113647]"
83,71107025,"[0.35109347105026245, 0.15756100416183472, 0.07699376344680786, 0.9172678589820862, 0.9717684984207153, 0.8633056282997131, 0.8864980340003967, 0.9929279685020447, 0.6634042263031006, 0.7540059089660645, 0.7418272495269775, 0.9891765713691711, 0.6807581186294556, 0.3826971650123596, 0.18644380569458008, 0.5152040719985962, 0.41379642486572266, 0.34371620416641235, 0.12394058704376221, 0.8647847175598145, 0.6392496824264526, 0.9533876776695251, 0.42423343658447266, 0.34363555908203125, 0.9545712471008301, 0.9510524272918701, 0.012776076793670654, 0.639414370059967, 0.327612042427063, 0.8525227904319763]"
84,77872478,"[0.12264716625213623, 0.04426908493041992, 0.0023575425148010254, 0.647895097732544, 0.23679453134536743, 0.13874250650405884, 0.9042579531669617, 0.8577869534492493, 0.34455370903015137, 0.9565252065658569, 0.26425260305404663, 0.2628600001335144, 0.8595419526100159, 0.9392974376678467, 0.5472593307495117, 0.11977356672286987, 0.8101984858512878, 0.15486550331115723, 0.9836114645004272, 0.021339595317840576, 0.14789831638336182, 0.23223012685775757, 0.8030439615249634, 0.27483999729156494, 0.09299975633621216, 0.23204147815704346, 0.9703016877174377, 0.9509121179580688, 0.9742417931556702, 0.7945939898490906]"
85,79381504,"[0.4959608316421509, 0.2304808497428894, 0.02383565902709961, 0.007098376750946045, 0.8366583585739136, 0.6365196704864502, 0.7746318578720093, 0.10470074415206909, 0.901963472366333, 0.8658435940742493, 0.6115522384643555, 0.748867392539978, 0.5983351469039917, 0.7016434669494629, 0.25170308351516724, 0.4014226794242859, 0.7194186449050903, 0.31569433212280273, 0.6524171829223633, 0.009927213191986084, 0.7688549757003784, 0.48455166816711426, 0.3527899384498596, 0.15334123373031616, 0.10475510358810425, 0.2397315502166748, 0.2719404697418213, 0.6948541402816772, 0.38062286376953125, 0.8561887145042419]"
86,79498539,"[0.19449734687805176, 0.7666820883750916, 0.5792585611343384, 0.15733373165130615, 0.1678617000579834, 0.6760632395744324, 0.907315194606781, 0.8457059860229492, 0.1922016739845276, 0.13655608892440796, 0.7143109440803528, 0.8429127931594849, 0.5373803973197937, 0.8404067754745483, 0.23115205764770508, 0.39677417278289795, 0.8531765341758728, 0.025953829288482666, 0.1308305263519287, 0.13588547706604004, 0.35889774560928345, 0.8817470669746399, 0.05570852756500244, 0.858464241027832, 0.596102237701416, 0.37804609537124634, 0.5263227820396423, 0.3385047912597656, 0.1484660506248474, 0.12456464767456055]"
87,79797834,"[0.13462895154953003, 0.45327359437942505, 0.7476290464401245, 0.1563594937324524, 0.5394825339317322, 0.8807868361473083, 0.5349924564361572, 0.06181752681732178, 0.39334654808044434, 0.33960801362991333, 0.11215704679489136, 0.3868919610977173, 0.5464766621589661, 0.21387290954589844, 0.6192051768302917, 0.9935377836227417, 0.2238447666168213, 0.5559227466583252, 0.16068023443222046, 0.47304004430770874, 0.2686702609062195, 0.9577492475509644, 0.9052157402038574, 0.8156349062919617, 0.7228626012802124, 0.1675412654876709, 0.6296373605728149, 0.6508201360702515, 0.9073644280433655, 0.6553515791893005]"
88,79896423,"[0.6586156487464905, 0.6273845434188843, 0.2998148202896118, 0.24704456329345703, 0.2929285764694214, 0.4361308813095093, 0.9598754644393921, 0.6926179528236389, 0.9111669659614563, 0.7110304832458496, 0.5651251077651978, 0.30148738622665405, 0.9898502230644226, 0.3404935598373413, 0.6491763591766357, 0.015471816062927246, 0.7869575619697571, 0.5158980488777161, 0.7034025192260742, 0.8094914555549622, 0.422857403755188, 0.948653519153595, 0.7681814432144165, 0.8470481038093567, 0.42444902658462524, 0.01854616403579712, 0.7240172624588013, 0.5078080296516418, 0.6731446981430054, 0.25389158725738525]"
89,81450435,"[0.8152357339859009, 0.5765570402145386, 0.23627179861068726, 0.3168177008628845, 0.435066282749176, 0.781673789024353, 0.8362284898757935, 0.5166684985160828, 0.3746028542518616, 0.765345573425293, 0.15901470184326172, 0.028313755989074707, 0.7289832830429077, 0.07875490188598633, 0.7061083316802979, 0.009406805038452148, 0.13481688499450684, 0.7626081109046936, 0.2823922038078308, 0.2004874348640442, 0.7488526701927185, 0.9920256733894348, 0.2912202477455139, 0.652285635471344, 0.682867705821991, 0.22970598936080933, 0.723402738571167, 0.6682167053222656, 0.8916937708854675, 0.2939178943634033]"
90,81466099,"[0.5298163294792175, 0.3529854416847229, 0.08475959300994873, 0.12486666440963745, 0.40613698959350586, 0.5016298294067383, 0.506227433681488, 0.21531498432159424, 0.2834720015525818, 0.24273180961608887, 0.033615708351135254, 0.9278059601783752, 0.13260704278945923, 0.19259798526763916, 0.8679524064064026, 0.8389530777931213, 0.3495555520057678, 0.5243285894393921, 0.5937222838401794, 0.2067388892173767, 0.10296487808227539, 0.7638869881629944, 0.9132997989654541, 0.24118667840957642, 0.05746835470199585, 0.5230349898338318, 0.9643797278404236, 0.026555180549621582, 0.31909090280532837, 0.6427730321884155]"
91,82340330,"[0.18006914854049683, 0.9849963784217834, 0.6301062107086182, 0.25772225856781006, 0.3578518033027649, 0.8041185140609741, 0.6061462759971619, 0.42531734704971313, 0.16187167167663574, 0.3392121195793152, 0.572878360748291, 0.44622552394866943, 0.8311085104942322, 0.5167092680931091, 0.8766103386878967, 0.24237704277038574, 0.7837569713592529, 0.03639119863510132, 0.5584716796875, 0.38897645473480225, 0.6746894121170044, 0.5641961693763733, 0.19513434171676636, 0.03571730852127075, 0.4390208125114441, 0.3942461609840393, 0.16253340244293213, 0.6023614406585693, 0.09531652927398682, 0.2549867033958435]"
92,83465789,"[0.4786718487739563, 0.5123549103736877, 0.5227543115615845, 0.3408629298210144, 0.6744371056556702, 0.7706038951873779, 0.28527355194091797, 0.8950239419937134, 0.6583744883537292, 0.7377178072929382, 0.3152802586555481, 0.9298409819602966, 0.8071915507316589, 0.20879638195037842, 0.573305606842041, 0.377313494682312, 0.1784301996231079, 0.7613162994384766, 0.37644290924072266, 0.5003318190574646, 0.9624186158180237, 0.526853084564209, 0.05091547966003418, 0.9467782378196716, 0.9602583050727844, 0.102833092212677, 0.7953767776489258, 0.9963889122009277, 0.8577571511268616, 0.7700608372688293]"
93,84622495,"[0.4893208146095276, 0.5113077163696289, 0.07169872522354126, 0.25340163707733154, 0.18121737241744995, 0.9504482746124268, 0.9420292377471924, 0.4460597634315491, 0.9343044757843018, 0.634120762348175, 0.1601632833480835, 0.34382593631744385, 0.5550791025161743, 0.8113716840744019, 0.7359603047370911, 0.40928518772125244, 0.27696871757507324, 0.3225311040878296, 0.4248361587524414, 0.06565231084823608, 0.9811013340950012, 0.007744908332824707, 0.3936215043067932, 0.22547221183776855, 0.46770358085632324, 0.09361279010772705, 0.30855369567871094, 0.6200831532478333, 0.29966968297958374, 0.5612604022026062]"
94,87062542,"[0.7619118094444275, 0.7360962629318237, 0.865090012550354, 0.35032153129577637, 0.7919933199882507, 0.14432382583618164, 0.742282509803772, 0.8214432597160339, 0.06013989448547363, 0.7320132255554199, 0.42162442207336426, 0.32522135972976685, 0.4223225712776184, 0.29931241273880005, 0.5555477142333984, 0.40010547637939453, 0.10025626420974731, 0.8356570601463318, 0.7175973653793335, 0.05796337127685547, 0.03388941287994385, 0.5601951479911804, 0.14117920398712158, 0.48618167638778687, 0.5970746874809265, 0.6783843040466309, 0.18119823932647705, 0.24907970428466797, 0.2267688512802124, 0.7868302464485168]"
95,87081989,"[0.1799931526184082, 0.629414975643158, 0.759641706943512, 0.07784193754196167, 0.48972088098526, 0.5988494753837585, 0.1434345245361328, 0.023387908935546875, 0.43354612588882446, 0.20644110441207886, 0.10961306095123291, 0.20956766605377197, 0.044782280921936035, 0.2355177402496338, 0.2939985394477844, 0.2719252109527588, 0.980350911617279, 0.842003583908081, 0.554701030254364, 0.18613266944885254, 0.6703988313674927, 0.2184484601020813, 0.06693196296691895, 0.22127526998519897, 0.07445859909057617, 0.334703266620636, 0.2304975390434265, 0.6659778356552124, 0.19466543197631836, 0.6579533815383911]"
96,89450929,"[0.801582932472229, 0.3287498354911804, 0.6581978797912598, 0.8461574912071228, 0.08840030431747437, 0.24997639656066895, 0.14340752363204956, 0.7485924959182739, 0.20442211627960205, 0.5207840204238892, 0.5965703129768372, 0.9289165735244751, 0.1308242678642273, 0.8054190874099731, 0.27879852056503296, 0.5941503643989563, 0.6147657632827759, 0.38055115938186646, 0.25433021783828735, 0.8122125864028931, 0.22721707820892334, 0.3551325798034668, 0.7585384249687195, 0.9292922019958496, 0.2660210132598877, 0.9872673749923706, 0.38087570667266846, 0.5232442617416382, 0.05313074588775635, 0.2802157402038574]"
97,89850065,"[0.39087194204330444, 0.46758151054382324, 0.8988475799560547, 0.3069598078727722, 0.21867597103118896, 0.08745938539505005, 0.1310272216796875, 0.8725417852401733, 0.09306716918945312, 0.8888224363327026, 0.8220309615135193, 0.5885248780250549, 0.543552815914154, 0.4663200378417969, 0.35570287704467773, 0.637919545173645, 0.7233341932296753, 0.002264857292175293, 0.5615110397338867, 0.20168840885162354, 0.8135531544685364, 0.8164200186729431, 0.6840969324111938, 0.49842512607574463, 0.9975327849388123, 0.2495255470275879, 0.7773300409317017, 0.7216813564300537, 0.27885347604751587, 0.9686049818992615]"
98,92819365,"[0.025927305221557617, 0.42974376678466797, 0.19071567058563232, 0.7700258493423462, 0.5616735219955444, 0.2917557954788208, 0.8022157549858093, 0.8516811728477478, 0.10348159074783325, 0.7723029255867004, 0.6017327904701233, 0.8165879249572754, 0.369706928730011, 0.6147831678390503, 0.10945796966552734, 0.6958059072494507, 0.9504534602165222, 0.6715620160102844, 0.5116057991981506, 0.576079785823822, 0.9558895826339722, 0.6601395010948181, 0.9865180253982544, 0.1583930253982544, 0.5262126326560974, 0.3529507517814636, 0.7140768766403198, 0.1778620481491089, 0.4468420147895813, 0.06322574615478516]"
99,96535829,"[0.7097723484039307, 0.13384616374969482, 0.8669246435165405, 0.21920037269592285, 0.3956809639930725, 0.3130549192428589, 0.58226078748703, 0.014427006244659424, 0.8757287263870239, 0.5660467147827148, 0.7277814745903015, 0.6802788376808167, 0.8551556468009949, 0.10829949378967285, 0.4628365635871887, 0.4631136655807495, 0.7346262335777283, 0.4582218527793884, 0.2875814437866211, 0.5329169631004333, 0.3189496397972107, 0.6057155132293701, 0.07104158401489258, 0.742588996887207, 0.4941759705543518, 0.16883718967437744, 0.8202450275421143, 0.45260924100875854, 0.8332585096359253, 0.04904913902282715]"
100,97936003,"[0.07586437463760376, 0.7213950157165527, 0.09883862733840942, 0.586600661277771, 0.8804923892021179, 0.17748087644577026, 0.05381554365158081, 0.8343793153762817, 0.06441468000411987, 0.9020490646362305, 0.8934693932533264, 0.3056204319000244, 0.004142284393310547, 0.7152931094169617, 0.3358837962150574, 0.7369623780250549, 0.47958147525787354, 0.5042353868484497, 0.4821202754974365, 0.9540871977806091, 0.9832337498664856, 0.5191798806190491, 0.10493844747543335, 0.446628212928772, 0.1781902313232422, 0.9902275204658508, 0.15154433250427246, 0.8581274151802063, 0.36959463357925415, 0.36840665340423584]"
101,101910152,"[0.7232574820518494, 0.21763765811920166, 0.9015222191810608, 0.24134743213653564, 0.9755435585975647, 0.046997010707855225, 0.38993197679519653, 0.3646653890609741, 0.8495870232582092, 0.05697906017303467, 0.47800111770629883, 0.6035130620002747, 0.6436549425125122, 0.5644259452819824, 0.021634280681610107, 0.20256328582763672, 0.8604442477226257, 0.5723020434379578, 0.7996322512626648, 0.8298673629760742, 0.9511405825614929, 0.8980128765106201, 0.9511594772338867, 0.24192219972610474, 0.9605819582939148, 0.3091380000114441, 0.6231865882873535, 0.12417721748352051, 0.8281876444816589, 0.811673104763031]"
102,102348958,"[0.7543257474899292, 0.9404845237731934, 0.35873204469680786, 0.8559641242027283, 0.7504627704620361, 0.5671115517616272, 0.5155190229415894, 0.44619637727737427, 0.15007489919662476, 0.8646495342254639, 0.33926844596862793, 0.09016501903533936, 0.7455011010169983, 0.003239750862121582, 0.5015081167221069, 0.8288211226463318, 0.39567065238952637, 0.12499457597732544, 0.26175999641418457, 0.06330186128616333, 0.26693421602249146, 0.019167602062225342, 0.28567570447921753, 0.7792527079582214, 0.3824231028556824, 0.11533427238464355, 0.15304726362228394, 0.23913288116455078, 0.832599937915802, 0.4115513563156128]"
103,103415179,"[0.22393488883972168, 0.07603466510772705, 0.25176262855529785, 0.8708652853965759, 0.26191627979278564, 0.5811780095100403, 0.12916600704193115, 0.15000885725021362, 0.9777063727378845, 0.8546431064605713, 0.8989198803901672, 0.11222368478775024, 0.9831565022468567, 0.15411746501922607, 0.8742296099662781, 0.9880632758140564, 0.24387282133102417, 0.02413421869277954, 0.8441382050514221, 0.873689591884613, 0.9409175515174866, 0.6829017996788025, 0.851340651512146, 0.1766769289970398, 0.20345455408096313, 0.7256668210029602, 0.021499991416931152, 0.29008662700653076, 0.9050067663192749, 0.9539812803268433]"
104,103979872,"[0.05144679546356201, 0.3302597999572754, 0.3000214099884033, 0.02425384521484375, 0.26667237281799316, 0.578601598739624, 0.3408522605895996, 0.42920219898223877, 0.9638614058494568, 0.5175899863243103, 0.8387671113014221, 0.3556547164916992, 0.9708095192909241, 0.3328745365142822, 0.626422107219696, 0.8376960754394531, 0.950929582118988, 0.20588159561157227, 0.6645404696464539, 0.7189499735832214, 0.22261422872543335, 0.4878047704696655, 0.4473457932472229, 0.22566860914230347, 0.05857175588607788, 0.03996932506561279, 0.14188581705093384, 0.12991023063659668, 0.12734991312026978, 0.21521210670471191]"
105,107171260,"[0.9822105765342712, 0.7244814038276672, 0.08835428953170776, 0.7895615100860596, 0.396213173866272, 0.13496160507202148, 0.8653255105018616, 0.8340895175933838, 0.40150243043899536, 0.9246562719345093, 0.9710257053375244, 0.010220766067504883, 0.8409454226493835, 0.7113661170005798, 0.1979774832725525, 0.11525124311447144, 0.5653912425041199, 0.5442184805870056, 0.2859686613082886, 0.022109270095825195, 0.9367277026176453, 0.24361330270767212, 0.7135169506072998, 0.8727119565010071, 0.981008768081665, 0.20800983905792236, 0.24510258436203003, 0.05757331848144531, 0.5733508467674255, 0.9275533556938171]"
106,109854452,"[0.504610002040863, 0.3824911117553711, 0.6842320561408997, 0.42938315868377686, 0.954177737236023, 0.8429380059242249, 0.38952118158340454, 0.28155219554901123, 0.4695267081260681, 0.5929502248764038, 0.007570147514343262, 0.3701436519622803, 0.5861703753471375, 0.14136672019958496, 0.8911075592041016, 0.5453925728797913, 0.8934406042098999, 0.5392148494720459, 0.4960312843322754, 0.9279456734657288, 0.6992379426956177, 0.44487476348876953, 0.10774421691894531, 0.5461158752441406, 0.16901236772537231, 0.30850356817245483, 0.6971792578697205, 0.406477689743042, 0.27609938383102417, 0.6709726452827454]"
107,110596487,"[0.6992514133453369, 0.4903126358985901, 0.18425261974334717, 0.9557218551635742, 0.2560330033302307, 0.16721636056900024, 0.6652655005455017, 0.21650248765945435, 0.8467454314231873, 0.48104536533355713, 0.6534310579299927, 0.9809242486953735, 0.22333478927612305, 0.5339562892913818, 0.6387293338775635, 0.4154122471809387, 0.07140588760375977, 0.670741617679596, 0.08942121267318726, 0.5525018572807312, 0.5842946171760559, 0.16617220640182495, 0.8835986852645874, 0.44283366203308105, 0.7894265651702881, 0.2875874638557434, 0.0776747465133667, 0.1981896162033081, 0.30282062292099, 0.0555119514465332]"
108,111429335,"[0.23533403873443604, 0.9414706826210022, 0.7048963308334351, 0.42145466804504395, 0.2519685626029968, 0.7818886041641235, 0.46166759729385376, 0.243238627910614, 0.48399198055267334, 0.26459819078445435, 0.4372195601463318, 0.03893935680389404, 0.8344895243644714, 0.2998813986778259, 0.32394880056381226, 0.5037440657615662, 0.7615229487419128, 0.39664292335510254, 0.289184033870697, 0.9213544130325317, 0.5019218325614929, 0.3282357454299927, 0.05266457796096802, 0.38357430696487427, 0.44359415769577026, 0.8084827065467834, 0.3266543745994568, 0.7642465233802795, 0.24732941389083862, 0.09503459930419922]"
109,112991391,"[0.9746284484863281, 0.008503973484039307, 0.9144967198371887, 0.9587525129318237, 0.03592771291732788, 0.0266188383102417, 0.08419805765151978, 0.5043323636054993, 0.05051827430725098, 0.45761531591415405, 0.9957227110862732, 0.04116642475128174, 0.9215613007545471, 0.17890691757202148, 0.9112570285797119, 0.7586366534233093, 0.7811510562896729, 0.1974581480026245, 0.870764434337616, 0.5295589566230774, 0.23663544654846191, 0.5179272890090942, 0.7784138321876526, 0.518244743347168, 0.9689547419548035, 0.12624633312225342, 0.18800634145736694, 0.5970475077629089, 0.32736659049987793, 0.5683169364929199]"
110,113216063,"[0.7074865698814392, 0.28689539432525635, 0.1570630669593811, 0.5021935105323792, 0.2901168465614319, 0.6390247941017151, 0.6824615597724915, 0.5252423882484436, 0.5662603378295898, 0.40841102600097656, 0.6854813098907471, 0.8131595849990845, 0.6316851377487183, 0.9171195030212402, 0.5720042586326599, 0.5473679304122925, 0.07699519395828247, 0.976363480091095, 0.19028884172439575, 0.9807816743850708, 0.47371071577072144, 0.9343700408935547, 0.7516891360282898, 0.1459481120109558, 0.8267366886138916, 0.5901279449462891, 0.39071136713027954, 0.8764851689338684, 0.4790048599243164, 0.8192420601844788]"
111,115561720,"[0.7823273539543152, 0.9395378828048706, 0.19413119554519653, 0.5306940078735352, 0.16013950109481812, 0.41781216859817505, 0.5616098046302795, 0.49671506881713867, 0.403525710105896, 0.5251630544662476, 0.05936765670776367, 0.601648211479187, 0.7902081608772278, 0.8186037540435791, 0.6310567855834961, 0.9221131205558777, 0.6936070919036865, 0.03507661819458008, 0.2685142755508423, 0.8033066391944885, 0.31664443016052246, 0.4772024154663086, 0.5590522885322571, 0.25190311670303345, 0.4976670742034912, 0.6349890828132629, 0.9258097410202026, 0.027654170989990234, 0.15133172273635864, 0.6991082429885864]"
112,116973704,"[0.5498005151748657, 0.4386175274848938, 0.23618680238723755, 0.7374269366264343, 0.31186598539352417, 0.10138601064682007, 0.5993311405181885, 0.9945367574691772, 0.6737695932388306, 0.8367174863815308, 0.09980368614196777, 0.21198803186416626, 0.38591593503952026, 0.8193545937538147, 0.9150786399841309, 0.47223764657974243, 0.809657096862793, 0.5250951647758484, 0.044154465198516846, 0.5222080945968628, 0.9430031180381775, 0.8743330836296082, 0.8779038190841675, 0.5214723944664001, 0.09237223863601685, 0.42967575788497925, 0.7488968372344971, 0.8799043893814087, 0.39636534452438354, 0.6723034977912903]"
113,122768292,"[0.5513692498207092, 0.8026748299598694, 0.8486936688423157, 0.728635847568512, 0.8615971207618713, 0.21211367845535278, 0.7528818249702454, 0.009311139583587646, 0.34127283096313477, 0.1945483684539795, 0.7280652523040771, 0.3879455327987671, 0.06390213966369629, 0.33847659826278687, 0.4940229058265686, 0.4086846709251404, 0.3833938241004944, 0.8994264006614685, 0.1506175994873047, 0.07345646619796753, 0.8698916435241699, 0.8233480453491211, 0.7110149264335632, 0.6885777711868286, 0.6585049033164978, 0.9214670658111572, 0.479838490486145, 0.12956207990646362, 0.6044721603393555, 0.7633482813835144]"
114,123267371,"[0.21169722080230713, 0.37166881561279297, 0.9455912113189697, 0.8097487688064575, 0.2215375304222107, 0.10062152147293091, 0.24617308378219604, 0.5590882301330566, 0.7565023899078369, 0.686389148235321, 0.4945642948150635, 0.35513049364089966, 0.627430260181427, 0.14656966924667358, 0.651725172996521, 0.37197303771972656, 0.4260147213935852, 0.16112631559371948, 0.6984744071960449, 0.764271080493927, 0.4139465093612671, 0.47935038805007935, 0.49750447273254395, 0.1444815993309021, 0.9182368516921997, 0.18292075395584106, 0.6186432242393494, 0.27164095640182495, 0.9252361059188843, 0.7938889265060425]"
115,124066180,"[0.23897260427474976, 0.3477221131324768, 0.7707479000091553, 0.7552787065505981, 0.14739054441452026, 0.9211229681968689, 0.4459158778190613, 0.0036936402320861816, 0.670566976070404, 0.23211336135864258, 0.305503785610199, 0.47841572761535645, 0.10425138473510742, 0.5796686410903931, 0.8246668577194214, 0.006593286991119385, 0.03770613670349121, 0.2764672636985779, 0.26705193519592285, 0.1611817479133606, 0.07493716478347778, 0.9784431457519531, 0.8432711362838745, 0.6828541159629822, 0.641131579875946, 0.675731360912323, 0.7216811776161194, 0.7202973961830139, 0.9393268823623657, 0.4917681813240051]"
116,124548367,"[0.368452250957489, 0.2358417510986328, 0.43572109937667847, 0.453834593296051, 0.6555522680282593, 0.985383927822113, 0.5227553844451904, 0.3700057864189148, 0.7654226422309875, 0.9514088034629822, 0.5705587863922119, 0.6378000974655151, 0.16542381048202515, 0.6812946796417236, 0.7637667655944824, 0.15012240409851074, 0.03144526481628418, 0.824083149433136, 0.17631477117538452, 0.8383891582489014, 0.08967643976211548, 0.6914197206497192, 0.4716513752937317, 0.44906121492385864, 0.49212121963500977, 0.5838419198989868, 0.6220420002937317, 0.7280734777450562, 0.480817973613739, 0.7284300923347473]"
117,127047893,"[0.3306613564491272, 0.6475310921669006, 0.3794555068016052, 0.8212824463844299, 0.7656065821647644, 0.6967037320137024, 0.34179019927978516, 0.46186763048171997, 0.12095123529434204, 0.19115126132965088, 0.08918708562850952, 0.34948956966400146, 0.9924619197845459, 0.12259578704833984, 0.8560479283332825, 0.4167472720146179, 0.030115842819213867, 0.05491894483566284, 0.04442131519317627, 0.7530225515365601, 0.04175287485122681, 0.864868700504303, 0.009088337421417236, 0.45475250482559204, 0.234063982963562, 0.8842054009437561, 0.9857797622680664, 0.3944064974784851, 0.7776452898979187, 0.7131303548812866]"
118,127689975,"[0.6994518041610718, 0.5834878087043762, 0.14337295293807983, 0.5334590673446655, 0.17840731143951416, 0.2883319854736328, 0.9152355790138245, 0.6466338038444519, 0.46655094623565674, 0.5057932138442993, 0.46265363693237305, 0.7714844346046448, 0.390006422996521, 0.6968634128570557, 0.3302527070045471, 0.18358826637268066, 0.8073232769966125, 0.024451792240142822, 0.24384009838104248, 0.002962827682495117, 0.1971614956855774, 0.5182812809944153, 0.3486471176147461, 0.05339616537094116, 0.16592931747436523, 0.5886017084121704, 0.5905240774154663, 0.9051165580749512, 0.09907853603363037, 0.19777792692184448]"
119,129027871,"[0.5291652679443359, 0.9810417890548706, 0.0776451826095581, 0.583985447883606, 0.28372758626937866, 0.03896594047546387, 0.5803390741348267, 0.03125673532485962, 0.9337029457092285, 0.6810631155967712, 0.36374449729919434, 0.5629917979240417, 0.04156583547592163, 0.8490921258926392, 0.929638683795929, 0.8588039875030518, 0.6464511156082153, 0.16606783866882324, 0.32931339740753174, 0.2008947730064392, 0.6534222960472107, 0.7680855393409729, 0.08164441585540771, 0.8679423332214355, 0.5020724534988403, 0.9023399353027344, 0.6892129182815552, 0.19180428981781006, 0.48260533809661865, 0.9865394830703735]"
120,133776275,"[0.9786264896392822, 0.900072455406189, 0.6648601293563843, 0.5994665026664734, 0.5673515200614929, 0.31010639667510986, 0.8115074634552002, 0.9670807719230652, 0.700345516204834, 0.5823758840560913, 0.8060837388038635, 0.31821566820144653, 0.03527098894119263, 0.9645816087722778, 0.9243247509002686, 0.47189491987228394, 0.01514291763305664, 0.8176704049110413, 0.8151901960372925, 0.5156170725822449, 0.9669406414031982, 0.33413165807724, 0.3538374900817871, 0.7749301195144653, 0.00414729118347168, 0.5012803673744202, 0.1752415895462036, 0.14630836248397827, 0.9388808608055115, 0.5518630743026733]"
121,137715592,"[0.28591984510421753, 0.1928122639656067, 0.5376884341239929, 0.01570749282836914, 0.6809409856796265, 0.5625124573707581, 0.5475465655326843, 0.7085354924201965, 0.9139195084571838, 0.2197962999343872, 0.20599329471588135, 0.3778579831123352, 0.8430224657058716, 0.3865084648132324, 0.9718537330627441, 0.5875953435897827, 0.5759036540985107, 0.8776003122329712, 0.3444977402687073, 0.35920411348342896, 0.8232736587524414, 0.971839189529419, 0.6537196040153503, 0.796761155128479, 0.42112886905670166, 0.2442447543144226, 0.5870630145072937, 0.4504396915435791, 0.42034000158309937, 0.1892799735069275]"
122,137913754,"[0.11990165710449219, 0.15909212827682495, 0.46450358629226685, 0.05943477153778076, 0.6657911539077759, 0.606075644493103, 0.5123778581619263, 0.6036907434463501, 0.4444293975830078, 0.6876404881477356, 0.012773275375366211, 0.23045247793197632, 0.9152774214744568, 0.0052155256271362305, 0.15673935413360596, 0.10803723335266113, 0.7355033755302429, 0.07586920261383057, 0.9267545342445374, 0.3361276388168335, 0.06007200479507446, 0.13726592063903809, 0.7323797345161438, 0.8888077735900879, 0.9756830334663391, 0.8598231673240662, 0.45581597089767456, 0.12139660120010376, 0.17824071645736694, 0.05294245481491089]"
123,138535568,"[0.54316645860672, 0.713888943195343, 0.7442961931228638, 0.6055601239204407, 0.22184538841247559, 0.8132649660110474, 0.28467828035354614, 0.7351172566413879, 0.37629812955856323, 0.45924216508865356, 0.8166375756263733, 0.5757620930671692, 0.5678916573524475, 0.5228915214538574, 0.843342661857605, 0.36509060859680176, 0.2975156307220459, 0.10563147068023682, 0.3649113178253174, 0.21938461065292358, 0.5722445249557495, 0.7934630513191223, 0.7900581955909729, 0.43278300762176514, 0.7346768379211426, 0.4559208154678345, 0.5659012198448181, 0.2641354203224182, 0.7838242650032043, 0.32881200313568115]"
124,140791698,"[0.2772177457809448, 0.6682633757591248, 0.20812803506851196, 0.9279717206954956, 0.7254197597503662, 0.543765664100647, 0.5083123445510864, 0.8817448019981384, 0.40849071741104126, 0.36408013105392456, 0.33735233545303345, 0.480324387550354, 0.4657544493675232, 0.4541681408882141, 0.9828048348426819, 0.1780790090560913, 0.1582067608833313, 0.9446712732315063, 0.6304841637611389, 0.16645705699920654, 0.891696572303772, 0.3457619547843933, 0.1655193567276001, 0.9863293170928955, 0.380146861076355, 0.9622617363929749, 0.10865974426269531, 0.5867807865142822, 0.05252450704574585, 0.4328516721725464]"
125,142962699,"[0.03882795572280884, 0.8735301494598389, 0.25695478916168213, 0.37661540508270264, 0.9888904690742493, 0.023560643196105957, 0.7985151410102844, 0.1831257939338684, 0.03701436519622803, 0.11065685749053955, 0.25283998250961304, 0.25988173484802246, 0.13016146421432495, 0.9854397773742676, 0.4647747874259949, 0.29313361644744873, 0.18233364820480347, 0.565742552280426, 0.5675374269485474, 0.6132667660713196, 0.6827890872955322, 0.6265671253204346, 0.945478081703186, 0.5765506625175476, 0.020459771156311035, 0.08303314447402954, 0.03350651264190674, 0.24418991804122925, 0.940349817276001, 0.982437014579773]"
126,149292444,"[0.44197016954421997, 0.9319227337837219, 0.8978085517883301, 0.2860884666442871, 0.054509639739990234, 0.0744752287864685, 0.6240476369857788, 0.8480149507522583, 0.6984061598777771, 0.7889090776443481, 0.9727134704589844, 0.06393295526504517, 0.21384435892105103, 0.4731621742248535, 0.009709775447845459, 0.3731573820114136, 0.7237269878387451, 0.738142192363739, 0.7462635636329651, 0.720547616481781, 0.8103501796722412, 0.4768146872520447, 0.8567078113555908, 0.08936190605163574, 0.7214475274085999, 0.32068735361099243, 0.0721251368522644, 0.4032852053642273, 0.4953078031539917, 0.7074503898620605]"
127,149514724,"[0.935734748840332, 0.272044837474823, 0.9617866277694702, 0.3861510753631592, 0.3976331949234009, 0.4223479628562927, 0.5486537218093872, 0.9812767505645752, 0.9652605056762695, 0.663535475730896, 0.42270249128341675, 0.8548373579978943, 0.8663381338119507, 0.6272135376930237, 0.18518245220184326, 0.19080817699432373, 0.2864803075790405, 0.5869793891906738, 0.4467163681983948, 0.23967158794403076, 0.8454556465148926, 0.34393978118896484, 0.37566155195236206, 0.0869067907333374, 0.6484804153442383, 0.7178522944450378, 0.8907554149627686, 0.8538434505462646, 0.06320905685424805, 0.455527126789093]"
128,150398575,"[0.9253388047218323, 0.12101626396179199, 0.8432571291923523, 0.24077004194259644, 0.6549428701400757, 0.15148168802261353, 0.7473164796829224, 0.15843987464904785, 0.5776501297950745, 0.93990159034729, 0.4377383589744568, 0.7500854134559631, 0.33882594108581543, 0.3419559597969055, 0.03930997848510742, 0.30494779348373413, 0.015663444995880127, 0.8338944315910339, 0.8702943921089172, 0.38146382570266724, 0.7774329781532288, 0.7280397415161133, 0.9655407071113586, 0.5647663474082947, 0.28608518838882446, 0.8524680733680725, 0.30031347274780273, 0.35384225845336914, 0.23802077770233154, 0.8654605150222778]"
129,153160314,"[0.3699207901954651, 0.3303731679916382, 0.5269174575805664, 0.22029000520706177, 0.9042299389839172, 0.34992730617523193, 0.2597847580909729, 0.187605619430542, 0.46923649311065674, 0.0639006495475769, 0.9201672673225403, 0.8982588648796082, 0.7776375412940979, 0.2490430474281311, 0.10083937644958496, 0.6084845662117004, 0.5796692371368408, 0.8243224620819092, 0.10193651914596558, 0.2301546335220337, 0.8771310448646545, 0.6597261428833008, 0.8426269888877869, 0.6675686240196228, 0.2181125283241272, 0.94719398021698, 0.1292896866798401, 0.08066743612289429, 0.3391863703727722, 0.9524857401847839]"
130,155624469,"[0.27869129180908203, 0.8161624670028687, 0.8331285715103149, 0.3782523274421692, 0.7112419009208679, 0.9269087910652161, 0.23124581575393677, 0.12095129489898682, 0.22520124912261963, 0.9906667470932007, 0.11917293071746826, 0.16220897436141968, 0.06790941953659058, 0.564870297908783, 0.1525949239730835, 0.8847019672393799, 0.9219528436660767, 0.3831790089607239, 0.8137634992599487, 0.7757032513618469, 0.9696080088615417, 0.5347550511360168, 0.16423958539962769, 0.4449266791343689, 0.5415551662445068, 0.5058633685112, 0.5706351399421692, 0.57765132188797, 0.9725090861320496, 0.19865292310714722]"
131,156494790,"[0.4244149923324585, 0.6664883494377136, 0.5603082776069641, 0.40200573205947876, 0.18875354528427124, 0.35525596141815186, 0.2471432089805603, 0.18404078483581543, 0.11890065670013428, 0.8214410543441772, 0.8341042995452881, 0.5463223457336426, 0.20426297187805176, 0.6457009315490723, 0.9079116582870483, 0.2783259153366089, 0.1588125228881836, 0.08112305402755737, 0.9828410744667053, 0.03683793544769287, 0.19925343990325928, 0.47781383991241455, 0.855344295501709, 0.8996896147727966, 0.8446879982948303, 0.8050439357757568, 0.5419420003890991, 0.9557598829269409, 0.0050171613693237305, 0.3647065758705139]"
132,159214949,"[0.028993308544158936, 0.6519956588745117, 0.5239800214767456, 0.8704864978790283, 0.6445537805557251, 0.5644568800926208, 0.4235329031944275, 0.565628707408905, 0.22304117679595947, 0.42502039670944214, 0.08390820026397705, 0.03673464059829712, 0.9948664903640747, 0.5119038820266724, 0.9591847658157349, 0.5462194085121155, 0.8800716400146484, 0.3904067873954773, 0.10348427295684814, 0.20194321870803833, 0.2807709574699402, 0.4092666506767273, 0.6797189116477966, 0.13244646787643433, 0.6743739247322083, 0.4430542588233948, 0.25481051206588745, 0.8320471048355103, 0.8676633238792419, 0.7407487034797668]"
133,162094948,"[0.15063399076461792, 0.2462158203125, 0.8739141821861267, 0.9133614301681519, 0.2235550880432129, 0.8898512125015259, 0.4340032935142517, 0.1491488218307495, 0.2773691415786743, 0.8352309465408325, 0.6849071979522705, 0.8119460940361023, 0.6739120483398438, 0.6093636751174927, 0.3993827700614929, 0.47692227363586426, 0.39157402515411377, 0.974352240562439, 0.9142520427703857, 0.8187485337257385, 0.4774296283721924, 0.972468912601471, 0.18670976161956787, 0.5671653747558594, 0.8434765338897705, 0.1952926516532898, 0.9472171068191528, 0.8430009484291077, 0.01116037368774414, 0.9779861569404602]"
134,173320942,"[0.05098426342010498, 0.08927416801452637, 0.4651834964752197, 0.21923285722732544, 0.9913027882575989, 0.034999191761016846, 0.910010039806366, 0.1989002823829651, 0.3305806517601013, 0.3658711910247803, 0.6144387722015381, 0.711730420589447, 0.6795845031738281, 0.5164971947669983, 0.7071478962898254, 0.9579073190689087, 0.576784074306488, 0.5351027846336365, 0.2787191867828369, 0.4390612244606018, 0.11849081516265869, 0.8440327048301697, 0.45142966508865356, 0.46277326345443726, 0.6656261682510376, 0.6558409333229065, 0.8266621232032776, 0.2906094789505005, 0.22043883800506592, 0.7777851819992065]"
135,173949017,"[0.6040794253349304, 0.48847824335098267, 0.7943952083587646, 0.678661048412323, 0.32495641708374023, 0.7448356747627258, 0.3409024477005005, 0.47582852840423584, 0.6661695837974548, 0.2425926923751831, 0.5050910711288452, 0.7903805375099182, 0.2997058629989624, 0.47683119773864746, 0.7189936637878418, 0.4049558639526367, 0.05472952127456665, 0.6613867282867432, 0.9264763593673706, 0.08247053623199463, 0.9739553332328796, 0.7757406234741211, 0.9620329737663269, 0.7033219933509827, 0.2833303213119507, 0.28946977853775024, 0.7898299098014832, 0.7221293449401855, 0.005375266075134277, 0.0020781755447387695]"
136,176051496,"[0.9755924940109253, 0.9740731120109558, 0.5116099715232849, 0.5293384790420532, 0.03152996301651001, 0.5978256464004517, 0.9882996082305908, 0.37101805210113525, 0.13843458890914917, 0.5448429584503174, 0.8884943127632141, 0.3987751007080078, 0.1802893877029419, 0.7757775187492371, 0.2910415530204773, 0.051270902156829834, 0.6812143921852112, 0.2538859248161316, 0.018952012062072754, 0.20946544408798218, 0.19850760698318481, 0.8894037008285522, 0.017973244190216064, 0.28370434045791626, 0.9721794128417969, 0.48528778553009033, 0.5909807682037354, 0.9875859022140503, 0.6487218141555786, 0.6827228665351868]"
137,176705076,"[0.007323503494262695, 0.7685892581939697, 0.08636254072189331, 0.3647235631942749, 0.7582660913467407, 0.2275574803352356, 0.7474115490913391, 0.0682879090309143, 0.5904295444488525, 0.058891236782073975, 0.8188884854316711, 0.08628171682357788, 0.09079331159591675, 0.10589653253555298, 0.019840002059936523, 0.6757683753967285, 0.36141061782836914, 0.23179608583450317, 0.30048269033432007, 0.778124213218689, 0.5404912233352661, 0.012016832828521729, 0.25046414136886597, 0.0002663731575012207, 0.8747603297233582, 0.999580442905426, 0.022163033485412598, 0.6304328441619873, 0.2838210463523865, 0.10939091444015503]"
138,180779733,"[0.6087570786476135, 0.848993182182312, 0.6748664975166321, 0.5269575119018555, 0.31568628549575806, 0.4975435733795166, 0.05491948127746582, 0.3045458197593689, 0.6334534883499146, 0.10466581583023071, 0.8495769500732422, 0.12919890880584717, 0.6048978567123413, 0.2762422561645508, 0.09566354751586914, 0.418057918548584, 0.178702712059021, 0.2712719440460205, 0.9691599607467651, 0.5086866021156311, 0.11275684833526611, 0.53189617395401, 0.7726690769195557, 0.08151006698608398, 0.7637709975242615, 0.4881129264831543, 0.746736466884613, 0.3536604642868042, 0.3480837941169739, 0.6366837620735168]"
139,181107657,"[0.6230711340904236, 0.6755547523498535, 0.8738153576850891, 0.15933430194854736, 0.4674464464187622, 0.6208361387252808, 0.9456222057342529, 0.5324207544326782, 0.5761836767196655, 0.8692244291305542, 0.33821046352386475, 0.8162318468093872, 0.8460525274276733, 0.56988525390625, 0.6089848875999451, 0.8483811616897583, 0.3885098099708557, 0.8591563701629639, 0.12706077098846436, 0.07631981372833252, 0.08373677730560303, 0.7101958990097046, 0.268848717212677, 0.6792215704917908, 0.4950791001319885, 0.7531433701515198, 0.7995887398719788, 0.6170434355735779, 0.41046661138534546, 0.9434250593185425]"
140,181127761,"[0.3177880644798279, 0.9228866696357727, 0.46839046478271484, 0.2202678918838501, 0.37997180223464966, 0.6189168095588684, 0.8894256353378296, 0.8062878847122192, 0.8468689322471619, 0.7301782965660095, 0.33475571870803833, 0.47553128004074097, 0.08043414354324341, 0.7643795013427734, 0.2449532151222229, 0.07013344764709473, 0.2263748049736023, 0.6759701371192932, 0.3209194540977478, 0.39271438121795654, 0.07308506965637207, 0.6350747346878052, 0.17438000440597534, 0.38098716735839844, 0.05320465564727783, 0.5758500695228577, 0.030506908893585205, 0.04156053066253662, 0.2638302445411682, 0.08532929420471191]"
141,187140926,"[0.6749089360237122, 0.052449822425842285, 0.8306773900985718, 0.7847428917884827, 0.3509472608566284, 0.6566938161849976, 0.3687169551849365, 0.8942967057228088, 0.7909029722213745, 0.08758425712585449, 0.8730056285858154, 0.31991052627563477, 0.01444786787033081, 0.030342519283294678, 0.628989040851593, 0.8007256984710693, 0.9196829795837402, 0.06677663326263428, 0.40103650093078613, 0.8935697674751282, 0.38413459062576294, 0.30458688735961914, 0.88582444190979, 0.272938072681427, 0.06200522184371948, 0.7024950385093689, 0.7722634077072144, 0.8307533860206604, 0.8075329065322876, 0.9931209683418274]"
142,189689466,"[0.8964769840240479, 0.7198907136917114, 0.45400071144104004, 0.3172052502632141, 0.06364023685455322, 0.883748471736908, 0.7868031859397888, 0.11361700296401978, 0.9944957494735718, 0.24987953901290894, 0.3211812376976013, 0.45621198415756226, 0.9528999328613281, 0.07886379957199097, 0.9925161600112915, 0.5380098223686218, 0.2307264804840088, 0.5336035490036011, 0.8781247735023499, 0.8001675009727478, 0.09343242645263672, 0.954393744468689, 0.8701820373535156, 0.049950480461120605, 0.39732009172439575, 0.06963235139846802, 0.20086729526519775, 0.8202444911003113, 0.06139564514160156, 0.28639495372772217]"
143,193554662,"[0.10279524326324463, 0.1649290919303894, 0.05512326955795288, 0.7078824043273926, 0.014409482479095459, 0.21454256772994995, 0.8167088627815247, 0.3071219325065613, 0.6136731505393982, 0.027534067630767822, 0.9743063449859619, 0.2579715847969055, 0.6194665431976318, 0.6865312457084656, 0.04503387212753296, 0.7394185662269592, 0.3415479063987732, 0.7925716638565063, 0.11410844326019287, 0.9121192693710327, 0.8856204152107239, 0.6344246864318848, 0.7498704791069031, 0.2511916756629944, 0.1580427885055542, 0.941986620426178, 0.5522070527076721, 0.17416083812713623, 0.9821803569793701, 0.47905832529067993]"
144,196442985,"[0.886708676815033, 0.7294107675552368, 0.7119948863983154, 0.8818099498748779, 0.044831812381744385, 0.29448550939559937, 0.8480386734008789, 0.10524529218673706, 0.05136370658874512, 0.45171064138412476, 0.4211815595626831, 0.7254843711853027, 0.3500708341598511, 0.6236354112625122, 0.8198475241661072, 0.10529118776321411, 0.19132471084594727, 0.06649649143218994, 0.6580985188484192, 0.23501873016357422, 0.9485943913459778, 0.8953161239624023, 0.35056382417678833, 0.48912012577056885, 0.7586058378219604, 0.1996527910232544, 0.4944453835487366, 0.38045835494995117, 0.8745489716529846, 0.015621542930603027]"
145,198965123,"[0.19197016954421997, 0.3316669464111328, 0.08099228143692017, 0.9256869554519653, 0.22388213872909546, 0.511829674243927, 0.9491215944290161, 0.5573549270629883, 0.5521419644355774, 0.21439766883850098, 0.015294432640075684, 0.21500688791275024, 0.9226950407028198, 0.05424076318740845, 0.07784360647201538, 0.3611876368522644, 0.07116490602493286, 0.32628732919692993, 0.5727500319480896, 0.41599172353744507, 0.29061663150787354, 0.36932212114334106, 0.824444591999054, 0.809762716293335, 0.8917055130004883, 0.9567791223526001, 0.8672062158584595, 0.3582044243812561, 0.48596668243408203, 0.1555098295211792]"
146,200782444,"[0.5431235432624817, 0.21807485818862915, 0.40018612146377563, 0.4563888907432556, 0.9098215103149414, 0.5211685299873352, 0.642640233039856, 0.3630543351173401, 0.09741705656051636, 0.8323608040809631, 0.3829687833786011, 0.8755447864532471, 0.44105803966522217, 0.04359465837478638, 0.009060800075531006, 0.8490346670150757, 0.537823498249054, 0.9739629626274109, 0.09681856632232666, 0.7565752267837524, 0.23992466926574707, 0.16406208276748657, 0.9811672568321228, 0.7777574062347412, 0.5058985948562622, 0.8862883448600769, 0.0926971435546875, 0.10074812173843384, 0.14287394285202026, 0.7229655981063843]"
147,207601220,"[0.334966778755188, 0.013174593448638916, 0.062106549739837646, 0.2714728116989136, 0.4652857780456543, 0.23883092403411865, 0.9608588814735413, 0.41108810901641846, 0.02265876531600952, 0.437311589717865, 0.3949495553970337, 0.9908913969993591, 0.6191543340682983, 0.8844473958015442, 0.10662144422531128, 0.29449599981307983, 0.8470735549926758, 0.26584964990615845, 0.9297589659690857, 0.10304290056228638, 0.3296507000923157, 0.8901660442352295, 0.7750320434570312, 0.3371504545211792, 0.6307681202888489, 0.49960726499557495, 0.7369306087493896, 0.19297772645950317, 0.918586015701294, 0.9807700514793396]"
148,212979011,"[0.8055404424667358, 0.9519336819648743, 0.3433581590652466, 0.05295836925506592, 0.4081881046295166, 0.5811904668807983, 0.6774106621742249, 0.5936883687973022, 0.261455237865448, 0.6762505173683167, 0.20368635654449463, 0.08622854948043823, 0.11874455213546753, 0.6064507961273193, 0.8737726211547852, 0.5158610343933105, 0.9951686263084412, 0.27513086795806885, 0.6165311932563782, 0.20131713151931763, 0.7810429930686951, 0.949755847454071, 0.025373756885528564, 0.8908109068870544, 0.5066211819648743, 0.3241955637931824, 0.62477707862854, 0.9523749351501465, 0.3651984930038452, 0.47158873081207275]"
149,213623879,"[0.3326185345649719, 0.9440609812736511, 0.027386367321014404, 0.14413660764694214, 0.8792275190353394, 0.9449403882026672, 0.9560248851776123, 0.16888105869293213, 0.8974997997283936, 0.7735980749130249, 0.3809157609939575, 0.7089348435401917, 0.5012202858924866, 0.17254638671875, 0.7865667343139648, 0.23227781057357788, 0.8891993761062622, 0.6546466946601868, 0.7110456228256226, 0.15508627891540527, 0.20524895191192627, 0.6190915703773499, 0.7407180070877075, 0.5355494022369385, 0.8788961172103882, 0.02512413263320923, 0.4132079482078552, 0.11391299962997437, 0.36599040031433105, 0.9497242569923401]"
150,216641433,"[0.516603410243988, 0.38508760929107666, 0.8948796987533569, 0.7487231492996216, 0.5702691078186035, 0.5661146640777588, 0.664598286151886, 0.4486396908760071, 0.3575103282928467, 0.7387004494667053, 0.3489612936973572, 0.9298179149627686, 0.20997560024261475, 0.27084916830062866, 0.9748647212982178, 0.040499210357666016, 0.5974391102790833, 0.10602337121963501, 0.5196776986122131, 0.21308261156082153, 0.8243653774261475, 0.2901450991630554, 0.2342163324356079, 0.8335073590278625, 0.9649079442024231, 0.08269375562667847, 0.24083709716796875, 0.9342259168624878, 0.31857335567474365, 0.8480165004730225]"
